species,ref_base,alt_base,ref_aa,alt_aa,events,reference
b_cenocepacia,A,T,I,N,1,"Sass et al. Antimicro Agents Chemother, 63:4, 2019"
b_cenocepacia,A,G,F,L,1,"Sass et al. Antimicro Agents Chemother, 63:4, 2019"
b_cenocepacia,C,G,W,C,1,"Sass et al. Antimicro Agents Chemother, 63:4, 2019"
b_cenocepacia,C,G,C,W,3,"Sass et al. Antimicro Agents Chemother, 63:4, 2019"
b_cenocepacia,G,A,D,N,1,"O'Rourke et al. Front Gen, 6:18, 2015"
b_cenocepacia,G,A,R,H,1,"O'Rourke et al. Front Gen, 6:18, 2015"
b_cenocepacia,T,G,L,R,1,"O'Rourke et al. Front Gen, 6:18, 2015"
b_cenocepacia,G,C,A,P,1,"O'Rourke et al. Front Gen, 6:18, 2015"
b_cenocepacia,T,C,I,T,1,"O'Rourke et al. Front Gen, 6:18, 2015"
b_cenocepacia,C,T,S,L,1,"O'Rourke et al. Front Gen, 6:18, 2015"
b_cenocepacia,T,A,I,N,1,"Cooper et al. Genomics, 104:6, 2014"
b_cenocepacia,C,G,S,W,2,"Cooper et al. Genomics, 104:6, 2014"
b_cenocepacia,C,T,A,V,1,"Cooper et al. Genomics, 104:6, 2014"
b_cenocepacia,C,T,A,V,1,"Cooper et al. Genomics, 104:6, 2014"
b_cenocepacia,T,C,V,A,1,"Cooper et al. Genomics, 104:6, 2014"
b_cenocepacia,C,T,A,V,1,"Cooper et al. Genomics, 104:6, 2014"
b_cenocepacia,C,T,A,V,1,"Cooper et al. Genomics, 104:6, 2014"
b_cenocepacia,G,C,A,P,1,"Cooper et al. Genomics, 104:6, 2014"
b_cenocepacia,A,T,D,V,1,"Cooper et al. Genomics, 104:6, 2014"
b_cenocepacia,T,C,Y,H,1,"Cooper et al. Genomics, 104:6, 2014"
b_cenocepacia,C,T,P,L,1,"Cooper et al. Genomics, 104:6, 2014"
b_cenocepacia,G,A,A,T,1,"Cooper et al. Genomics, 104:6, 2014"
b_cenocepacia,G,T,A,S,1,"Cooper et al. Genomics, 104:6, 2014"
b_cenocepacia,C,T,A,V,1,"Cooper et al. Genomics, 104:6, 2014"
b_cenocepacia,G,A,D,N,4,"Cooper et al. Genomics, 104:6, 2014"
b_cenocepacia,C,T,S,L,1,"Cooper et al. Genomics, 104:6, 2014"
b_cenocepacia,A,G,D,G,1,"Cooper et al. Genomics, 104:6, 2014"
b_cenocepacia,C,T,S,L,3,"Cooper et al. Genomics, 104:6, 2014"