species,gene,ref_base,alt_base,effect,events,reference
b_subtilis,pstBA,A,G,S216P,3,"Hu et al. Micr. Genom., 9:7, 2023"
b_subtilis,yuxH,C,A,D116Y,3,"Hu et al. Micr. Genom., 9:7, 2023"
b_subtilis,fliI,C,A,T304K,2,"Hu et al. Micr. Genom., 9:7, 2023"
b_subtilis,hag,C,A,G186C,2,"Hu et al. Micr. Genom., 9:7, 2023"
b_subtilis,fliY,C,T,S48L,1,"Hu et al. Micr. Genom., 9:7, 2023"
b_subtilis,sinR,G,A,E97K,1,"Hu et al. Micr. Genom., 9:7, 2023"
b_subtilis,pksR,T,C,S1681P,1,"Pomerleau et al. mSys., 9:2, 2024"
b_subtilis,sinR,C,T,S57L,1,"Pomerleau et al. mSys., 9:2, 2024"
b_subtilis,sinR,T,C,L99S,2,"Pomerleau et al. mSys., 9:2, 2024"
b_subtilis,sinR,G,T,R10L,1,"Pomerleau et al. mSys., 9:2, 2024"
b_subtilis,sinR,G,A,D84N,3,"Richter et al. Nat. Comm., 15:4486, 2024"
b_subtilis,degS,G,A,A193V,1,"Richter et al. Nat. Comm., 15:4486, 2024"
b_subtilis,oppD,G,A,A188T,1,"Richter et al. Nat. Comm., 15:4486, 2024"
b_subtilis,dinG,T,C,K797E,3,"Richter et al. Nat. Comm., 15:4486, 2024"
b_subtilis,degU,T,C,S202G,1,"Richter et al. Nat. Comm., 15:4486, 2024"
b_subtilis,odhB,T,G,I273L,3,"Richter et al. Nat. Comm., 15:4486, 2024"