species,gene,ref_base,alt_base,effect,events,reference
c_glutamicum,gltA,C,T,P399L,1,"Baumgart et al. J. Bact., 193:24, 2011"
c_glutamicum,gltA,C,A,N241K,1,"Baumgart et al. J. Bact., 193:24, 2011"
c_glutamicum,gltA,C,T,P419S,1,"Baumgart et al. J. Bact., 193:24, 2011"
c_glutamicum,gltA,C,T,S63L,1,"Baumgart et al. J. Bact., 193:24, 2011"
c_glutamicum,gltA,A,T,H316L,1,"Baumgart et al. J. Bact., 193:24, 2011"
c_glutamicum,gltA,G,T,G54V,1,"Baumgart et al. J. Bact., 193:24, 2011"
c_glutamicum,glmU,C,T,E295K,1,"Oide et al. Appl. Env. Micro., 81:7, 2015"
c_glutamicum,otsA,G,A,R328H,1,"Oide et al. Appl. Env. Micro., 81:7, 2015"
c_glutamicum,fruK,C,T,T6I,2,"Pfeifer et al. Sci. Rep., 7:16780, 2017"
c_glutamicum,fruK,G,T,R71L,1,"Pfeifer et al. Sci. Rep., 7:16780, 2017"
c_glutamicum,pyk,G,A,A271T,1,"Pfeifer et al. Sci. Rep., 7:16780, 2017"
c_glutamicum,pyk,C,T,A20V,3,"Pfeifer et al. Sci. Rep., 7:16780, 2017"
c_glutamicum,pyk,A,G,T12A,2,"Pfeifer et al. Sci. Rep., 7:16780, 2017"
c_glutamicum,metY,G,A,G419D,1,"Wang et al. Comm. Biol., 3:217, 2020"
c_glutamicum,uriR,C,T,T195I,1,"Wang et al. Comm. Biol., 3:217, 2020"
c_glutamicum,N/A,A,G,M192V,1,"Wang et al. Comm. Biol., 3:217, 2020"
c_glutamicum,N/A,C,G,A181G,1,"Wang et al. Comm. Biol., 3:217, 2020"
c_glutamicum,mctC,C,T,S480F,1,"Wang et al. Comm. Biol., 3:217, 2020"