species,ref_base,alt_base,ref_aa,alt_aa,events,reference
d_discoideum,C,T,C,Y,1,"Walker et al. G3, 14:1, 2023"
d_discoideum,G,A,D,N,1,"Walker et al. G3, 14:1, 2023"
d_discoideum,C,T,E,K,1,"Walker et al. G3, 14:1, 2023"
d_discoideum,C,G,E,Q,1,"Walker et al. G3, 14:1, 2023"
d_discoideum,C,T,G,S,1,"Walker et al. G3, 14:1, 2023"
d_discoideum,T,A,H,L,1,"Walker et al. G3, 14:1, 2023"
d_discoideum,T,A,I,F,1,"Walker et al. G3, 14:1, 2023"
d_discoideum,A,T,K,N,1,"Walker et al. G3, 14:1, 2023"
d_discoideum,T,A,L,F,1,"Walker et al. G3, 14:1, 2023"
d_discoideum,C,A,L,F,1,"Walker et al. G3, 14:1, 2023"
d_discoideum,T,A,L,F,1,"Walker et al. G3, 14:1, 2023"
d_discoideum,G,C,M,I,1,"Walker et al. G3, 14:1, 2023"
d_discoideum,T,A,M,K,1,"Walker et al. G3, 14:1, 2023"
d_discoideum,A,T,M,L,1,"Walker et al. G3, 14:1, 2023"
d_discoideum,A,C,N,H,1,"Walker et al. G3, 14:1, 2023"
d_discoideum,G,T,N,K,1,"Walker et al. G3, 14:1, 2023"
d_discoideum,G,C,P,R,1,"Walker et al. G3, 14:1, 2023"
d_discoideum,G,A,P,S,1,"Walker et al. G3, 14:1, 2023"
d_discoideum,G,A,P,S,1,"Walker et al. G3, 14:1, 2023"
d_discoideum,G,A,T,I,1,"Walker et al. G3, 14:1, 2023"
d_discoideum,C,A,T,K,1,"Walker et al. G3, 14:1, 2023"
d_discoideum,A,T,Y,N,1,"Walker et al. G3, 14:1, 2023"