species,gene,ref_base,alt_base,effect,events,reference
e_coli,glpK,A,T,D73V,1,"Herring et al. Nat. Gen., 38:12, 2006"
e_coli,glpK,G,T,V62L,1,"Herring et al. Nat. Gen., 38:12, 2006"
e_coli,glpK,G,A,M272I,1,"Herring et al. Nat. Gen., 38:12, 2006"
e_coli,glpK,A,C,Q38P,1,"Herring et al. Nat. Gen., 38:12, 2006"
e_coli,crp ,T,A,L151Q ,1,"Conrad et al. Genom. Biol., 10:R118, 2009"
e_coli,hfq ,C,T,P10S ,1,"Conrad et al. Genom. Biol., 10:R118, 2009"
e_coli,cya ,C,T,L183F ,1,"Conrad et al. Genom. Biol., 10:R118, 2009"
e_coli,infC ,G,A,E95K ,1,"Conrad et al. Genom. Biol., 10:R118, 2009"
e_coli,atoS ,A,C,Q456P ,1,"Conrad et al. Genom. Biol., 10:R118, 2009"
e_coli,relA ,A,C,Y319S ,1,"Conrad et al. Genom. Biol., 10:R118, 2009"
e_coli,rho ,C,T,R102C ,1,"Conrad et al. Genom. Biol., 10:R118, 2009"
e_coli,kdtA ,T,A,V234E ,1,"Conrad et al. Genom. Biol., 10:R118, 2009"
e_coli,ppsA ,C,T,S6L ,1,"Conrad et al. Genom. Biol., 10:R118, 2009"
e_coli,crp ,T,C,I166T ,1,"Conrad et al. Genom. Biol., 10:R118, 2009"
e_coli,yjbM ,G,A,M47I ,1,"Conrad et al. Genom. Biol., 10:R118, 2009"
e_coli,rpoB,C,T,R151C,1,"Tenaillon et al. Science, 335:6067, 2012"
e_coli,rho,T,G,V223G,1,"Tenaillon et al. Science, 335:6067, 2012"
e_coli,rpoC,A,C,E1127A,1,"Tenaillon et al. Science, 335:6067, 2012"
e_coli,ybaL,A,G,L226P,1,"Tenaillon et al. Science, 335:6067, 2012"
e_coli,mrdA,T,C,K410E,1,"Tenaillon et al. Science, 335:6067, 2012"
e_coli,rpoB,C,T,T553I,1,"Tenaillon et al. Science, 335:6067, 2012"
e_coli,ybaL,T,A,D188V,1,"Tenaillon et al. Science, 335:6067, 2012"
e_coli,rho,T,A,I15N,1,"Tenaillon et al. Science, 335:6067, 2012"
e_coli,ybaL,A,C,V461G,1,"Tenaillon et al. Science, 335:6067, 2012"
e_coli,mrdA,T,C,T575A,1,"Tenaillon et al. Science, 335:6067, 2012"
e_coli,rpoB,T,G,I966S,1,"Tenaillon et al. Science, 335:6067, 2012"
e_coli,rpoD,C,G,I41M,1,"Tenaillon et al. Science, 335:6067, 2012"
e_coli,rpoB,T,A,I966N,1,"Tenaillon et al. Science, 335:6067, 2012"
e_coli,mrdA,T,G,I471L,1,"Tenaillon et al. Science, 335:6067, 2012"
e_coli,rpoB,C,T,P1081L,1,"Tenaillon et al. Science, 335:6067, 2012"
e_coli,rpoB,A,G,E1316G,1,"Tenaillon et al. Science, 335:6067, 2012"
e_coli,rpoB,C,T,A1245V,1,"Tenaillon et al. Science, 335:6067, 2012"
e_coli,rpoC,A,C,E106A,1,"Tenaillon et al. Science, 335:6067, 2012"
e_coli,ybaL,A,G,S288P,1,"Tenaillon et al. Science, 335:6067, 2012"
e_coli,rpoB,C,T,P372S,1,"Tenaillon et al. Science, 335:6067, 2012"
e_coli,mrdA,T,G,K60Q,1,"Tenaillon et al. Science, 335:6067, 2012"
e_coli,rpoB,T,A,I572N,1,"Tenaillon et al. Science, 335:6067, 2012"
e_coli,ybaL,A,C,V461G,1,"Tenaillon et al. Science, 335:6067, 2012"
e_coli,rpoB,T,G,I966S,1,"Tenaillon et al. Science, 335:6067, 2012"
e_coli,ybaL,C,T,G49S,1,"Tenaillon et al. Science, 335:6067, 2012"
e_coli,rpoA,C,T,R33H,1,"Tenaillon et al. Science, 335:6067, 2012"
e_coli,rpoB,T,G,F1323V,1,"Tenaillon et al. Science, 335:6067, 2012"
e_coli,nusA,C,T,A315T,1,"Tenaillon et al. Science, 335:6067, 2012"
e_coli,rpoB,T,G,I966S,1,"Tenaillon et al. Science, 335:6067, 2012"
e_coli,rpoD,A,T,I41F,1,"Tenaillon et al. Science, 335:6067, 2012"
e_coli,rpoC,C,T,P493S,1,"Tenaillon et al. Science, 335:6067, 2012"
e_coli,mrdA,C,A,W357C,1,"Tenaillon et al. Science, 335:6067, 2012"
e_coli,rpoB,A,C,N760H,1,"Tenaillon et al. Science, 335:6067, 2012"
e_coli,mrdA,T,G,I471L,1,"Tenaillon et al. Science, 335:6067, 2012"
e_coli,rpoB,T,G,I966S,1,"Tenaillon et al. Science, 335:6067, 2012"
e_coli,iclR,A,C,D200E,1,"Tenaillon et al. Science, 335:6067, 2012"
e_coli,rpoB,G,A,G566S,1,"Tenaillon et al. Science, 335:6067, 2012"
e_coli,rpoB,T,C,F1323L,1,"Tenaillon et al. Science, 335:6067, 2012"
e_coli,rpoC,T,A,L223Q,1,"Tenaillon et al. Science, 335:6067, 2012"
e_coli,ybaL,C,A,A270S,1,"Tenaillon et al. Science, 335:6067, 2012"
e_coli,rho,T,A,I15N,1,"Tenaillon et al. Science, 335:6067, 2012"
e_coli,nusA,A,G,V248A,1,"Tenaillon et al. Science, 335:6067, 2012"
e_coli,rpoA,G,A,R317C,1,"Tenaillon et al. Science, 335:6067, 2012"
e_coli,rpoC,G,T,G1130C,1,"Tenaillon et al. Science, 335:6067, 2012"
e_coli,rho,G,T,A229S,1,"Tenaillon et al. Science, 335:6067, 2012"
e_coli,rpoB,A,C,T539P,1,"Tenaillon et al. Science, 335:6067, 2012"
e_coli,ybaL,C,T,G40D,1,"Tenaillon et al. Science, 335:6067, 2012"
e_coli,mrdB,A,G,L246P,1,"Tenaillon et al. Science, 335:6067, 2012"
e_coli,rpoD,C,T,R608C,1,"Tenaillon et al. Science, 335:6067, 2012"
e_coli,rpoB,G,A,E365K,1,"Tenaillon et al. Science, 335:6067, 2012"
e_coli,nusA,C,G,G319A,1,"Tenaillon et al. Science, 335:6067, 2012"
e_coli,rho,G,A,A127T,1,"Tenaillon et al. Science, 335:6067, 2012"
e_coli,rpoB,T,A,I572N,1,"Tenaillon et al. Science, 335:6067, 2012"
e_coli,rho,A,C,D359A,1,"Tenaillon et al. Science, 335:6067, 2012"
e_coli,rpoB,T,C,S1250P,1,"Tenaillon et al. Science, 335:6067, 2012"
e_coli,iclR,C,A,E214D,1,"Tenaillon et al. Science, 335:6067, 2012"
e_coli,ybaL,A,C,V461G,1,"Tenaillon et al. Science, 335:6067, 2012"
e_coli,mrdA,T,C,I401V,1,"Tenaillon et al. Science, 335:6067, 2012"
e_coli,cls,T,G,D244A,1,"Tenaillon et al. Science, 335:6067, 2012"
e_coli,rpoS,T,G,Y67S,1,"Tenaillon et al. Science, 335:6067, 2012"
e_coli,rpoB,T,G,I966S,1,"Tenaillon et al. Science, 335:6067, 2012"
e_coli,rho,G,A,A43T,1,"Tenaillon et al. Science, 335:6067, 2012"
e_coli,iclR,A,G,I84T,1,"Tenaillon et al. Science, 335:6067, 2012"
e_coli,ybaL,A,G,F50L,1,"Tenaillon et al. Science, 335:6067, 2012"
e_coli,rpoB,T,G,I966S,1,"Tenaillon et al. Science, 335:6067, 2012"
e_coli,mrdA,T,C,I401V,1,"Tenaillon et al. Science, 335:6067, 2012"
e_coli,rpoB,T,C,L967P,1,"Tenaillon et al. Science, 335:6067, 2012"
e_coli,ybaL,C,A,G49C,1,"Tenaillon et al. Science, 335:6067, 2012"
e_coli,rpoB,T,A,I966N,1,"Tenaillon et al. Science, 335:6067, 2012"
e_coli,rpoB,C,T,R758C,1,"Tenaillon et al. Science, 335:6067, 2012"
e_coli,rpoB,A,C,T539P,1,"Tenaillon et al. Science, 335:6067, 2012"
e_coli,rpoB,T,G,I966S,1,"Tenaillon et al. Science, 335:6067, 2012"
e_coli,cls,A,C,F248V,1,"Tenaillon et al. Science, 335:6067, 2012"
e_coli,iclR,G,A,T66I,1,"Tenaillon et al. Science, 335:6067, 2012"
e_coli,rpoB,A,C,E745A,1,"Tenaillon et al. Science, 335:6067, 2012"
e_coli,rho,T,A,I15N,1,"Tenaillon et al. Science, 335:6067, 2012"
e_coli,mrdB,G,A,R208C,1,"Tenaillon et al. Science, 335:6067, 2012"
e_coli,rpoB,A,C,I572L,1,"Tenaillon et al. Science, 335:6067, 2012"
e_coli,ybaL,A,C,V461G,1,"Tenaillon et al. Science, 335:6067, 2012"
e_coli,cls,G,A,R425W,1,"Tenaillon et al. Science, 335:6067, 2012"
e_coli,rho,T,A,I15N,1,"Tenaillon et al. Science, 335:6067, 2012"
e_coli,ybaL,T,C,E225G,1,"Tenaillon et al. Science, 335:6067, 2012"
e_coli,cls,G,T,A380D,1,"Tenaillon et al. Science, 335:6067, 2012"
e_coli,rho,T,A,I15N,1,"Tenaillon et al. Science, 335:6067, 2012"
e_coli,rpoD,T,G,I91S,1,"Tenaillon et al. Science, 335:6067, 2012"
e_coli,rpoB,A,C,T539P,1,"Tenaillon et al. Science, 335:6067, 2012"
e_coli,rpoB,T,C,L960P,1,"Tenaillon et al. Science, 335:6067, 2012"
e_coli,cls,T,C,D231G,1,"Tenaillon et al. Science, 335:6067, 2012"
e_coli,rho,G,A,A43T,1,"Tenaillon et al. Science, 335:6067, 2012"
e_coli,rpoB,A,G,E745G,1,"Tenaillon et al. Science, 335:6067, 2012"
e_coli,iclR,T,G,L197F,1,"Tenaillon et al. Science, 335:6067, 2012"
e_coli,ybaL,C,A,G64V,1,"Tenaillon et al. Science, 335:6067, 2012"
e_coli,nusA,C,T,A315T,1,"Tenaillon et al. Science, 335:6067, 2012"
e_coli,rpoB,C,T,P806L,1,"Tenaillon et al. Science, 335:6067, 2012"
e_coli,rho,A,G,T231A,1,"Tenaillon et al. Science, 335:6067, 2012"
e_coli,ybaL,A,G,L361P,1,"Tenaillon et al. Science, 335:6067, 2012"
e_coli,rho,T,A,I15N,1,"Tenaillon et al. Science, 335:6067, 2012"
e_coli,ybaL,G,T,A92E,1,"Tenaillon et al. Science, 335:6067, 2012"
e_coli,mrdA,C,G,V273L,1,"Tenaillon et al. Science, 335:6067, 2012"
e_coli,rpoB,C,T,P375S,1,"Tenaillon et al. Science, 335:6067, 2012"
e_coli,ybaL,A,G,L487P,1,"Tenaillon et al. Science, 335:6067, 2012"
e_coli,rpoB,A,G,Q725R,1,"Tenaillon et al. Science, 335:6067, 2012"
e_coli,rpoB,A,C,D1297A,1,"Tenaillon et al. Science, 335:6067, 2012"
e_coli,ybaL,C,A,G290V,1,"Tenaillon et al. Science, 335:6067, 2012"
e_coli,rho,A,T,I15F,1,"Tenaillon et al. Science, 335:6067, 2012"
e_coli,iclR,T,G,T60P,1,"Tenaillon et al. Science, 335:6067, 2012"
e_coli,rpoD,A,G,D50G,1,"Tenaillon et al. Science, 335:6067, 2012"
e_coli,nusA,G,A,P290L,1,"Tenaillon et al. Science, 335:6067, 2012"
e_coli,rpoB,T,A,I966N,1,"Tenaillon et al. Science, 335:6067, 2012"
e_coli,rpoB,T,G,I966S,1,"Tenaillon et al. Science, 335:6067, 2012"
e_coli,iclR,C,G,G219A,1,"Tenaillon et al. Science, 335:6067, 2012"
e_coli,cls,T,A,D259V,1,"Tenaillon et al. Science, 335:6067, 2012"
e_coli,rho,C,T,A243V,1,"Tenaillon et al. Science, 335:6067, 2012"
e_coli,rpoC,T,C,L903P,1,"Tenaillon et al. Science, 335:6067, 2012"
e_coli,mrdB,T,C,E271G,1,"Tenaillon et al. Science, 335:6067, 2012"
e_coli,rpoB,A,C,I572L,1,"Tenaillon et al. Science, 335:6067, 2012"
e_coli,cls,C,G,D411H,1,"Tenaillon et al. Science, 335:6067, 2012"
e_coli,rho,G,A,A43T,1,"Tenaillon et al. Science, 335:6067, 2012"
e_coli,rpoB,A,G,K1078R,1,"Tenaillon et al. Science, 335:6067, 2012"
e_coli,mrdA,T,C,I401V,1,"Tenaillon et al. Science, 335:6067, 2012"
e_coli,rpoB,T,G,I966S,1,"Tenaillon et al. Science, 335:6067, 2012"
e_coli,cls,G,T,A235E,1,"Tenaillon et al. Science, 335:6067, 2012"
e_coli,nusA,A,T,D246E,1,"Tenaillon et al. Science, 335:6067, 2012"
e_coli,rpoB,C,T,T553I,1,"Tenaillon et al. Science, 335:6067, 2012"
e_coli,rpoB,G,T,G747C,1,"Tenaillon et al. Science, 335:6067, 2012"
e_coli,rho,A,G,I247V,1,"Tenaillon et al. Science, 335:6067, 2012"
e_coli,rpoC,C,T,A1336V,1,"Tenaillon et al. Science, 335:6067, 2012"
e_coli,rpoB,G,A,G556S,1,"Tenaillon et al. Science, 335:6067, 2012"
e_coli,iclR,C,T,A50T,1,"Tenaillon et al. Science, 335:6067, 2012"
e_coli,ybaL,C,T,G40D,1,"Tenaillon et al. Science, 335:6067, 2012"
e_coli,mrdA,C,A,V325F,1,"Tenaillon et al. Science, 335:6067, 2012"
e_coli,rpoB,A,C,I572L,1,"Tenaillon et al. Science, 335:6067, 2012"
e_coli,nusA,G,A,A250V,1,"Tenaillon et al. Science, 335:6067, 2012"
e_coli,rpoC,A,C,I290L,1,"Tenaillon et al. Science, 335:6067, 2012"
e_coli,rpoB,A,C,T539P,1,"Tenaillon et al. Science, 335:6067, 2012"
e_coli,rpoB,T,G,I966S,1,"Tenaillon et al. Science, 335:6067, 2012"
e_coli,mrdB,T,G,K364Q,1,"Tenaillon et al. Science, 335:6067, 2012"
e_coli,rpoB,T,A,I572N,1,"Tenaillon et al. Science, 335:6067, 2012"
e_coli,rpoB,C,A,N1236K,1,"Tenaillon et al. Science, 335:6067, 2012"
e_coli,nusA,A,G,V252A,1,"Tenaillon et al. Science, 335:6067, 2012"
e_coli,rpoB,T,G,I966S,1,"Tenaillon et al. Science, 335:6067, 2012"
e_coli,ybaL,C,T,E59K,1,"Tenaillon et al. Science, 335:6067, 2012"
e_coli,mrdA,T,C,I401V,1,"Tenaillon et al. Science, 335:6067, 2012"
e_coli,rpoD,T,G,I41S,1,"Tenaillon et al. Science, 335:6067, 2012"
e_coli,rpoC,A,C,T218P,1,"Tenaillon et al. Science, 335:6067, 2012"
e_coli,rpoC,C,T,A1315V,1,"Tenaillon et al. Science, 335:6067, 2012"
e_coli,rpoD,G,A,R397H,1,"Tenaillon et al. Science, 335:6067, 2012"
e_coli,rho,A,G,I386V,1,"Tenaillon et al. Science, 335:6067, 2012"
e_coli,rpoB,T,A,I572N,1,"Tenaillon et al. Science, 335:6067, 2012"
e_coli,ybaL,A,C,V461G,1,"Tenaillon et al. Science, 335:6067, 2012"
e_coli,rho,T,A,I15N,1,"Tenaillon et al. Science, 335:6067, 2012"
e_coli,ybaL,C,T,G49S,1,"Tenaillon et al. Science, 335:6067, 2012"
e_coli,cls,A,T,I230N,1,"Tenaillon et al. Science, 335:6067, 2012"
e_coli,rho,A,G,N129D,1,"Tenaillon et al. Science, 335:6067, 2012"
e_coli,rpoB,T,G,M1243R,1,"Tenaillon et al. Science, 335:6067, 2012"
e_coli,mrdA,T,C,I401V,1,"Tenaillon et al. Science, 335:6067, 2012"
e_coli,rpoA,C,T,R317H,1,"Tenaillon et al. Science, 335:6067, 2012"
e_coli,rpoB,A,C,E745A,1,"Tenaillon et al. Science, 335:6067, 2012"
e_coli,mrdB,T,G,E271A,1,"Tenaillon et al. Science, 335:6067, 2012"
e_coli,cls,A,T,I230N,1,"Tenaillon et al. Science, 335:6067, 2012"
e_coli,rpoB,G,T,R97L,1,"Tenaillon et al. Science, 335:6067, 2012"
e_coli,rpoB,C,A,Q725K,1,"Tenaillon et al. Science, 335:6067, 2012"
e_coli,mrdA,T,C,I401V,1,"Tenaillon et al. Science, 335:6067, 2012"
e_coli,cls,A,G,Y453H,1,"Tenaillon et al. Science, 335:6067, 2012"
e_coli,rpoB,A,C,T539P,1,"Tenaillon et al. Science, 335:6067, 2012"
e_coli,ybaL,C,T,G35E,1,"Tenaillon et al. Science, 335:6067, 2012"
e_coli,rho,C,T,R238C,1,"Tenaillon et al. Science, 335:6067, 2012"
e_coli,rpoB,G,A,G664S,1,"Tenaillon et al. Science, 335:6067, 2012"
e_coli,mrdA,G,T,T487N,1,"Tenaillon et al. Science, 335:6067, 2012"
e_coli,rpoC,G,A,E866K,1,"Tenaillon et al. Science, 335:6067, 2012"
e_coli,ybaL,C,T,G290E,1,"Tenaillon et al. Science, 335:6067, 2012"
e_coli,mrdA,T,C,N428D,1,"Tenaillon et al. Science, 335:6067, 2012"
e_coli,rpoB,A,G,E84G,1,"Tenaillon et al. Science, 335:6067, 2012"
e_coli,ybaL,A,C,L7R,1,"Tenaillon et al. Science, 335:6067, 2012"
e_coli,mrdA,A,C,F153V,1,"Tenaillon et al. Science, 335:6067, 2012"
e_coli,rpoC,C,T,P369S,1,"Tenaillon et al. Science, 335:6067, 2012"
e_coli,ybaL,T,A,I374F,1,"Tenaillon et al. Science, 335:6067, 2012"
e_coli,rho,A,T,I15F,1,"Tenaillon et al. Science, 335:6067, 2012"
e_coli,iclR,G,A,P155L,1,"Tenaillon et al. Science, 335:6067, 2012"
e_coli,nusA,G,A,A250V,1,"Tenaillon et al. Science, 335:6067, 2012"
e_coli,rpoB,A,C,T539P,1,"Tenaillon et al. Science, 335:6067, 2012"
e_coli,rpoB,T,G,I966S,1,"Tenaillon et al. Science, 335:6067, 2012"
e_coli,cls,A,C,V254G,1,"Tenaillon et al. Science, 335:6067, 2012"
e_coli,rpoB,A,T,I572F,1,"Tenaillon et al. Science, 335:6067, 2012"
e_coli,ybaL,T,C,T274A,1,"Tenaillon et al. Science, 335:6067, 2012"
e_coli,rpoB,C,T,P372S,1,"Tenaillon et al. Science, 335:6067, 2012"
e_coli,rho,G,T,Q189H,1,"Tenaillon et al. Science, 335:6067, 2012"
e_coli,mrdA,C,T,A271T,1,"Tenaillon et al. Science, 335:6067, 2012"
e_coli,rpoB,G,T,R143L,1,"Tenaillon et al. Science, 335:6067, 2012"
e_coli,rho,T,A,I15N,1,"Tenaillon et al. Science, 335:6067, 2012"
e_coli,iclR,T,C,H61R,1,"Tenaillon et al. Science, 335:6067, 2012"
e_coli,ybaL,C,T,E157K,1,"Tenaillon et al. Science, 335:6067, 2012"
e_coli,rho,T,A,I15N,1,"Tenaillon et al. Science, 335:6067, 2012"
e_coli,iclR,T,G,T60P,1,"Tenaillon et al. Science, 335:6067, 2012"
e_coli,ybaL,A,G,L284P,1,"Tenaillon et al. Science, 335:6067, 2012"
e_coli,rho,A,G,E244G,1,"Tenaillon et al. Science, 335:6067, 2012"
e_coli,rpoB,A,T,I572F,1,"Tenaillon et al. Science, 335:6067, 2012"
e_coli,mrdA,C,T,A271T,1,"Tenaillon et al. Science, 335:6067, 2012"
e_coli,rpoD,G,A,E42K,1,"Tenaillon et al. Science, 335:6067, 2012"
e_coli,rpoB,A,C,Q965P,1,"Tenaillon et al. Science, 335:6067, 2012"
e_coli,mrdA,G,A,A578V,1,"Tenaillon et al. Science, 335:6067, 2012"
e_coli,cls,A,G,I230T,1,"Tenaillon et al. Science, 335:6067, 2012"
e_coli,rpoB,T,G,I966S,1,"Tenaillon et al. Science, 335:6067, 2012"
e_coli,iclR,T,G,K12Q,1,"Tenaillon et al. Science, 335:6067, 2012"
e_coli,rho,T,C,V206A,1,"Tenaillon et al. Science, 335:6067, 2012"
e_coli,rpoC,A,C,Y1099S,1,"Tenaillon et al. Science, 335:6067, 2012"
e_coli,iclR,A,C,I134M,1,"Tenaillon et al. Science, 335:6067, 2012"
e_coli,cls,G,T,S36Y,1,"Tenaillon et al. Science, 335:6067, 2012"
e_coli,rho,A,T,I209F,1,"Tenaillon et al. Science, 335:6067, 2012"
e_coli,rpoB,A,G,K958R,1,"Tenaillon et al. Science, 335:6067, 2012"
e_coli,cls,C,A,G183W,1,"Tenaillon et al. Science, 335:6067, 2012"
e_coli,rpoS,A,G,Y67H,1,"Tenaillon et al. Science, 335:6067, 2012"
e_coli,rpoC,T,C,V825A,1,"Tenaillon et al. Science, 335:6067, 2012"
e_coli,ybaL,A,C,V461G,1,"Tenaillon et al. Science, 335:6067, 2012"
e_coli,rpoB,A,T,E745V,1,"Tenaillon et al. Science, 335:6067, 2012"
e_coli,rpoB,T,G,I1330M,1,"Tenaillon et al. Science, 335:6067, 2012"
e_coli,rpoA,G,A,R317C,1,"Tenaillon et al. Science, 335:6067, 2012"
e_coli,rho,A,C,K100T,1,"Tenaillon et al. Science, 335:6067, 2012"
e_coli,rpoB,T,G,I948S,1,"Tenaillon et al. Science, 335:6067, 2012"
e_coli,rho,A,C,E56A,1,"Tenaillon et al. Science, 335:6067, 2012"
e_coli,rpoB,T,C,L1014P,1,"Tenaillon et al. Science, 335:6067, 2012"
e_coli,cls,A,C,V362G,1,"Tenaillon et al. Science, 335:6067, 2012"
e_coli,nusA,C,T,G249S,1,"Tenaillon et al. Science, 335:6067, 2012"
e_coli,rpoB,A,G,D866G,1,"Tenaillon et al. Science, 335:6067, 2012"
e_coli,mrdA,T,C,Y10C,1,"Tenaillon et al. Science, 335:6067, 2012"
e_coli,rpoB,G,A,E84K,1,"Tenaillon et al. Science, 335:6067, 2012"
e_coli,rho,T,A,I15N,1,"Tenaillon et al. Science, 335:6067, 2012"
e_coli,iclR,T,G,Y209S,1,"Tenaillon et al. Science, 335:6067, 2012"
e_coli,mrdA,C,A,R438L,1,"Tenaillon et al. Science, 335:6067, 2012"
e_coli,rpoC,A,G,E833G,1,"Tenaillon et al. Science, 335:6067, 2012"
e_coli,rpoD,G,A,D37N,1,"Tenaillon et al. Science, 335:6067, 2012"
e_coli,rpoB,T,G,I966S,1,"Tenaillon et al. Science, 335:6067, 2012"
e_coli,rho,C,T,R30C,1,"Tenaillon et al. Science, 335:6067, 2012"
e_coli,rpoB,T,A,I572N,1,"Tenaillon et al. Science, 335:6067, 2012"
e_coli,iclR,A,G,Y186H,1,"Tenaillon et al. Science, 335:6067, 2012"
e_coli,ybaL,C,A,G22V,1,"Tenaillon et al. Science, 335:6067, 2012"
e_coli,rho,A,G,T231A,1,"Tenaillon et al. Science, 335:6067, 2012"
e_coli,rpoC,T,C,I1357T,1,"Tenaillon et al. Science, 335:6067, 2012"
e_coli,cls,T,C,E283G,1,"Tenaillon et al. Science, 335:6067, 2012"
e_coli,rpoC,G,A,A373T,1,"Tenaillon et al. Science, 335:6067, 2012"
e_coli,iclR,T,G,K8Q,1,"Tenaillon et al. Science, 335:6067, 2012"
e_coli,ybaL,A,T,D294E,1,"Tenaillon et al. Science, 335:6067, 2012"
e_coli,rpoD,G,T,E2D,1,"Tenaillon et al. Science, 335:6067, 2012"
e_coli,rpoC,A,C,Y511S,1,"Tenaillon et al. Science, 335:6067, 2012"
e_coli,rho,A,T,Q241L,1,"Tenaillon et al. Science, 335:6067, 2012"
e_coli,rho,T,A,I15N,1,"Tenaillon et al. Science, 335:6067, 2012"
e_coli,iclR,T,G,T60P,1,"Tenaillon et al. Science, 335:6067, 2012"
e_coli,rho,T,A,I15N,1,"Tenaillon et al. Science, 335:6067, 2012"
e_coli,mrdB,A,G,F353S,1,"Tenaillon et al. Science, 335:6067, 2012"
e_coli,rho,T,A,I15N,1,"Tenaillon et al. Science, 335:6067, 2012"
e_coli,nusA,C,A,C251F,1,"Tenaillon et al. Science, 335:6067, 2012"
e_coli,rho,T,A,I15N,1,"Tenaillon et al. Science, 335:6067, 2012"
e_coli,rho,A,T,N126I,1,"Tenaillon et al. Science, 335:6067, 2012"
e_coli,rpoB,C,T,P1081L,1,"Tenaillon et al. Science, 335:6067, 2012"
e_coli,rpoB,C,T,P1081L,1,"Tenaillon et al. Science, 335:6067, 2012"
e_coli,rho,T,A,I15N,1,"Tenaillon et al. Science, 335:6067, 2012"
e_coli,iclR,T,G,Q52H,1,"Tenaillon et al. Science, 335:6067, 2012"
e_coli,rho,G,A,A74T,1,"Tenaillon et al. Science, 335:6067, 2012"
e_coli,rpoB,A,C,T539P,1,"Tenaillon et al. Science, 335:6067, 2012"
e_coli,rpoB,A,C,E745A,1,"Tenaillon et al. Science, 335:6067, 2012"
e_coli,iclR,A,G,L33S,1,"Tenaillon et al. Science, 335:6067, 2012"
e_coli,rpoB,T,G,F1323V,1,"Tenaillon et al. Science, 335:6067, 2012"
e_coli,rpoC,A,C,E833A,1,"Tenaillon et al. Science, 335:6067, 2012"
e_coli,rpoB,T,G,I966S,1,"Tenaillon et al. Science, 335:6067, 2012"
e_coli,rpoC,T,A,I1357N,1,"Tenaillon et al. Science, 335:6067, 2012"
e_coli,cls,C,T,R425Q,1,"Tenaillon et al. Science, 335:6067, 2012"
e_coli,rpoB,A,C,I572L,1,"Tenaillon et al. Science, 335:6067, 2012"
e_coli,ybaL,A,T,D294E,1,"Tenaillon et al. Science, 335:6067, 2012"
e_coli,mrdB,A,T,V61E,1,"Tenaillon et al. Science, 335:6067, 2012"
e_coli,rpoB,T,A,I1210N,1,"Tenaillon et al. Science, 335:6067, 2012"
e_coli,mrdA,T,C,I401V,1,"Tenaillon et al. Science, 335:6067, 2012"
e_coli,nusA,C,T,A315T,1,"Tenaillon et al. Science, 335:6067, 2012"
e_coli,rpoB,A,G,E84G,1,"Tenaillon et al. Science, 335:6067, 2012"
e_coli,ybaL,C,T,E346K,1,"Tenaillon et al. Science, 335:6067, 2012"
e_coli,cls,A,G,W81R,1,"Tenaillon et al. Science, 335:6067, 2012"
e_coli,rho,C,T,H388Y,1,"Tenaillon et al. Science, 335:6067, 2012"
e_coli,rpoB,G,C,G747A,1,"Tenaillon et al. Science, 335:6067, 2012"
e_coli,iclR,G,A,S210L,1,"Tenaillon et al. Science, 335:6067, 2012"
e_coli,ybaL,A,C,V461G,1,"Tenaillon et al. Science, 335:6067, 2012"
e_coli,mrdB,C,T,R69H,1,"Tenaillon et al. Science, 335:6067, 2012"
e_coli,rpoB,A,C,I572L,1,"Tenaillon et al. Science, 335:6067, 2012"
e_coli,iclR,G,A,A45V,1,"Tenaillon et al. Science, 335:6067, 2012"
e_coli,hslU,A,C,L163R,1,"Batarseh et al. Genom. Biol. Evol., 12:11, 2020"
e_coli,hslV,T,G,H68P,1,"Batarseh et al. Genom. Biol. Evol., 12:11, 2020"
e_coli,rpoB,A,T,H447L,1,"Batarseh et al. Genom. Biol. Evol., 12:11, 2020"
e_coli,rpoC,T,G,W1020G,1,"Batarseh et al. Genom. Biol. Evol., 12:11, 2020"