species,gene,ref_base,alt_base,effect,events,reference
l_lactis,llkf_0399,G,T,A347S,1,"Bachmann et al. Genom. Res., 22, 2012"
l_lactis,llkf_0809,T,A,R34N,1,"Bachmann et al. Genom. Res., 22, 2012"
l_lactis,llkf_1962,G,T,T102N,1,"Bachmann et al. Genom. Res., 22, 2012"
l_lactis,llkf_2297,G,A,G213D,1,"Bachmann et al. Genom. Res., 22, 2012"
l_lactis,llmg_0219,A,G,T>A,1,"Chen et al. Sci. Rep., 5:14199, 2015"
l_lactis,llmg_0242,G,A,G>R,1,"Chen et al. Sci. Rep., 5:14199, 2015"
l_lactis,trmD,G,A,V>I,1,"Chen et al. Sci. Rep., 5:14199, 2015"
l_lactis,rpoC,C,T,G>R,1,"Chen et al. Sci. Rep., 5:14199, 2015"
l_lactis,rpoC,C,T,E>K,1,"Chen et al. Sci. Rep., 5:14199, 2015"
l_lactis,cdsA,G,A,P>L,1,"Chen et al. Sci. Rep., 5:14199, 2015"
l_lactis,llmg_2477,G,A,A>S,1,"Chen et al. Sci. Rep., 5:14199, 2015"
l_lactis,llmg_2541,G,A,A>T,1,"Chen et al. Sci. Rep., 5:14199, 2015"
l_lactis,ftsL,G,A,L69F,1,"Liu et al. Front. Microb., 12, 2021"
l_lactis,llmg_0907,C,A,T9K,2,"Liu et al. Front. Microb., 12, 2021"
l_lactis,ldh,T,A,V212D,2,"Liu et al. Front. Microb., 12, 2021"
l_lactis,ldh,A,T,K195N,1,"Liu et al. Front. Microb., 12, 2021"
l_lactis,gapB,G,A,A203V,3,"Liu et al. Front. Microb., 12, 2021"
l_lactis,relA,C,G,V469L,1,"Dorau et al. Appl. Env. Micr., 87:21, 2021"
l_lactis,murC,T,G,F54L,2,"Dorau et al. Appl. Env. Micr., 87:21, 2021"
l_lactis,pheT,C,A,R546S,1,"Dorau et al. Appl. Env. Micr., 87:21, 2021"
l_lactis,DNA primase,G,T,A410S,1,"Dorau et al. Appl. Env. Micr., 87:21, 2021"
l_lactis,rexA,C,A,D311Y,1,"Dorau et al. Appl. Env. Micr., 87:21, 2021"
l_lactis,purR,G,A,G206S,1,"Dorau et al. Appl. Env. Micr., 87:21, 2021"