species,gene,ref_base,alt_base,ref_aa,alt_aa,events,reference
m_tuberculosis,Rv1484,T,C,I,T,9,"Cano et al. PNAS, 119:7, 2022"
m_tuberculosis,Rv1484,T,G,S,A,20,"Cano et al. PNAS, 119:7, 2022"
m_tuberculosis,Rv1484,T,C,I,T,11,"Cano et al. PNAS, 119:7, 2022"
m_tuberculosis,Rv1694,T,G,N,K,1,"Cano et al. PNAS, 119:7, 2022"
m_tuberculosis,Rv1908c,C,A,W,L,2,"Cano et al. PNAS, 119:7, 2022"
m_tuberculosis,Rv1908c,G,C,S,R,1,"Cano et al. PNAS, 119:7, 2022"
m_tuberculosis,Rv1908c,G,T,S,R,13,"Cano et al. PNAS, 119:7, 2022"
m_tuberculosis,Rv1908c,C,A,S,I,1,"Cano et al. PNAS, 119:7, 2022"
m_tuberculosis,Rv1908c,C,G,S,T,445,"Cano et al. PNAS, 119:7, 2022"
m_tuberculosis,Rv1908c,C,T,S,N,25,"Cano et al. PNAS, 119:7, 2022"
m_tuberculosis,Rv1908c,G,C,P,R,1,"Cano et al. PNAS, 119:7, 2022"
m_tuberculosis,Rv1908c,A,G,W,R,3,"Cano et al. PNAS, 119:7, 2022"
m_tuberculosis,Rv1908c,A,G,L,P,1,"Cano et al. PNAS, 119:7, 2022"
m_tuberculosis,Rv1908c,T,G,Y,S,2,"Cano et al. PNAS, 119:7, 2022"
m_tuberculosis,Rv1908c,G,T,P,T,1,"Cano et al. PNAS, 119:7, 2022"
m_tuberculosis,Rv2043c,C,A,V,F,2,"Cano et al. PNAS, 119:7, 2022"
m_tuberculosis,Rv2043c,A,G,L,P,5,"Cano et al. PNAS, 119:7, 2022"
m_tuberculosis,Rv2043c,C,G,V,L,1,"Cano et al. PNAS, 119:7, 2022"
m_tuberculosis,Rv2043c,A,G,C,R,2,"Cano et al. PNAS, 119:7, 2022"
m_tuberculosis,Rv2043c,C,T,D,N,1,"Cano et al. PNAS, 119:7, 2022"
m_tuberculosis,Rv2043c,C,T,G,D,4,"Cano et al. PNAS, 119:7, 2022"
m_tuberculosis,Rv2043c,A,C,V,G,3,"Cano et al. PNAS, 119:7, 2022"
m_tuberculosis,Rv2043c,G,C,S,R,1,"Cano et al. PNAS, 119:7, 2022"
m_tuberculosis,Rv2043c,G,T,S,R,5,"Cano et al. PNAS, 119:7, 2022"
m_tuberculosis,Rv2043c,T,G,S,R,1,"Cano et al. PNAS, 119:7, 2022"
m_tuberculosis,Rv2043c,C,T,G,D,2,"Cano et al. PNAS, 119:7, 2022"
m_tuberculosis,Rv2043c,T,G,K,T,4,"Cano et al. PNAS, 119:7, 2022"
m_tuberculosis,Rv2043c,C,A,G,C,1,"Cano et al. PNAS, 119:7, 2022"
m_tuberculosis,Rv2043c,C,A,W,C,1,"Cano et al. PNAS, 119:7, 2022"
m_tuberculosis,Rv2043c,C,G,W,C,1,"Cano et al. PNAS, 119:7, 2022"
m_tuberculosis,Rv2043c,T,C,H,R,2,"Cano et al. PNAS, 119:7, 2022"
m_tuberculosis,Rv2043c,G,C,H,D,2,"Cano et al. PNAS, 119:7, 2022"
m_tuberculosis,Rv2043c,C,T,D,N,1,"Cano et al. PNAS, 119:7, 2022"
m_tuberculosis,Rv2043c,A,G,L,P,3,"Cano et al. PNAS, 119:7, 2022"
m_tuberculosis,Rv2043c,A,G,C,R,2,"Cano et al. PNAS, 119:7, 2022"
m_tuberculosis,Rv2043c,T,G,D,A,7,"Cano et al. PNAS, 119:7, 2022"
m_tuberculosis,Rv2043c,T,C,D,G,1,"Cano et al. PNAS, 119:7, 2022"
m_tuberculosis,Rv2043c,C,T,D,N,4,"Cano et al. PNAS, 119:7, 2022"
m_tuberculosis,Rv2043c,C,G,V,L,1,"Cano et al. PNAS, 119:7, 2022"
m_tuberculosis,Rv2043c,A,G,L,S,5,"Cano et al. PNAS, 119:7, 2022"
m_tuberculosis,Rv2416c,G,A,P,L,1,"Cano et al. PNAS, 119:7, 2022"
m_tuberculosis,Rv3795,A,C,M,L,14,"Cano et al. PNAS, 119:7, 2022"
m_tuberculosis,Rv3795,A,G,M,V,147,"Cano et al. PNAS, 119:7, 2022"
m_tuberculosis,Rv3795,A,T,M,L,1,"Cano et al. PNAS, 119:7, 2022"
m_tuberculosis,Rv3795,G,A,M,I,101,"Cano et al. PNAS, 119:7, 2022"
m_tuberculosis,Rv3795,G,C,M,I,38,"Cano et al. PNAS, 119:7, 2022"
m_tuberculosis,Rv3795,G,T,M,I,12,"Cano et al. PNAS, 119:7, 2022"
m_tuberculosis,Rv3795,A,C,Y,S,5,"Cano et al. PNAS, 119:7, 2022"
m_tuberculosis,Rv3795,G,T,D,Y,4,"Cano et al. PNAS, 119:7, 2022"
m_tuberculosis,Rv3795,A,G,D,G,3,"Cano et al. PNAS, 119:7, 2022"
m_tuberculosis,Rv3795,A,C,D,A,18,"Cano et al. PNAS, 119:7, 2022"
m_tuberculosis,Rv3795,G,C,E,D,2,"Cano et al. PNAS, 119:7, 2022"
m_tuberculosis,Rv3795,G,A,G,S,10,"Cano et al. PNAS, 119:7, 2022"
m_tuberculosis,Rv3795,G,T,G,C,1,"Cano et al. PNAS, 119:7, 2022"
m_tuberculosis,Rv3795,G,A,G,D,30,"Cano et al. PNAS, 119:7, 2022"
m_tuberculosis,Rv3795,G,C,G,A,31,"Cano et al. PNAS, 119:7, 2022"
m_tuberculosis,Rv3795,C,A,Q,K,18,"Cano et al. PNAS, 119:7, 2022"
m_tuberculosis,Rv3795,A,G,Q,R,58,"Cano et al. PNAS, 119:7, 2022"
m_tuberculosis,Rv3795,T,G,M,R,1,"Cano et al. PNAS, 119:7, 2022"
m_tuberculosis,Rv3795,G,A,D,N,30,"Cano et al. PNAS, 119:7, 2022"
m_tuberculosis,Rv3795,A,G,T,A,1,"Cano et al. PNAS, 119:7, 2022"
m_tuberculosis,Rv3854c,G,C,P,A,1,"Cano et al. PNAS, 119:7, 2022"
m_tuberculosis,Rv3854c,T,G,H,P,2,"Cano et al. PNAS, 119:7, 2022"
m_tuberculosis,Rv3854c,G,C,S,R,1,"Cano et al. PNAS, 119:7, 2022"
m_tuberculosis,Rv3854c,T,C,Q,R,2,"Cano et al. PNAS, 119:7, 2022"
m_tuberculosis,Rv3854c,G,A,P,L,1,"Cano et al. PNAS, 119:7, 2022"
m_tuberculosis,Rv3854c,C,G,W,S,1,"Cano et al. PNAS, 119:7, 2022"
m_tuberculosis,Rv3854c,T,G,Q,P,3,"Cano et al. PNAS, 119:7, 2022"
m_tuberculosis,Rv3854c,A,G,C,R,4,"Cano et al. PNAS, 119:7, 2022"
m_tuberculosis,Rv3854c,A,C,L,R,2,"Cano et al. PNAS, 119:7, 2022"
m_tuberculosis,Rv3919c,G,T,A,E,2,"Cano et al. PNAS, 119:7, 2022"
m_tuberculosis,Rv3919c,C,A,R,L,1,"Cano et al. PNAS, 119:7, 2022"
m_tuberculosis,Rv3919c,G,C,S,R,2,"Cano et al. PNAS, 119:7, 2022"
m_tuberculosis,Rv3919c,G,T,S,R,1,"Cano et al. PNAS, 119:7, 2022"
m_tuberculosis,Rv3919c,T,G,S,R,4,"Cano et al. PNAS, 119:7, 2022"
m_tuberculosis,Rv3919c,G,A,A,V,13,"Cano et al. PNAS, 119:7, 2022"
m_tuberculosis,Rv3919c,G,A,R,W,4,"Cano et al. PNAS, 119:7, 2022"
m_tuberculosis,Rv3919c,G,T,A,E,3,"Cano et al. PNAS, 119:7, 2022"
m_tuberculosis,Rv3919c,A,C,L,R,4,"Cano et al. PNAS, 119:7, 2022"
m_tuberculosis,Rv3919c,A,G,L,P,1,"Cano et al. PNAS, 119:7, 2022"
m_tuberculosis,Rv3919c,A,G,L,P,2,"Cano et al. PNAS, 119:7, 2022"
m_tuberculosis,Rv3919c,G,A,P,L,1,"Cano et al. PNAS, 119:7, 2022"
m_tuberculosis,Rv3919c,C,G,A,P,2,"Cano et al. PNAS, 119:7, 2022"
m_tuberculosis,Rv3919c,A,G,L,S,7,"Cano et al. PNAS, 119:7, 2022"
m_tuberculosis,Rv3919c,A,C,V,G,4,"Cano et al. PNAS, 119:7, 2022"
m_tuberculosis,Rv3919c,G,A,P,L,2,"Cano et al. PNAS, 119:7, 2022"
m_tuberculosis,Rv3919c,C,G,G,A,1,"Cano et al. PNAS, 119:7, 2022"
m_tuberculosis,Rv3919c,C,T,G,E,1,"Cano et al. PNAS, 119:7, 2022"
m_tuberculosis,Rv3919c,C,T,S,N,1,"Cano et al. PNAS, 119:7, 2022"
m_tuberculosis,Rv3919c,C,T,G,D,2,"Cano et al. PNAS, 119:7, 2022"
m_tuberculosis,Rv3919c,T,C,D,G,4,"Cano et al. PNAS, 119:7, 2022"
m_tuberculosis,Rv3919c,A,C,V,G,5,"Cano et al. PNAS, 119:7, 2022"
m_tuberculosis,Rv3919c,G,T,H,N,1,"Cano et al. PNAS, 119:7, 2022"
m_tuberculosis,Rv0005,G,A,D,N,5,"Cano et al. PNAS, 119:7, 2022"
m_tuberculosis,Rv0005,A,G,N,D,1,"Cano et al. PNAS, 119:7, 2022"
m_tuberculosis,Rv0006,G,T,G,C,5,"Cano et al. PNAS, 119:7, 2022"
m_tuberculosis,Rv0006,G,C,G,A,3,"Cano et al. PNAS, 119:7, 2022"
m_tuberculosis,Rv0006,C,T,A,V,54,"Cano et al. PNAS, 119:7, 2022"
m_tuberculosis,Rv0006,T,C,S,P,22,"Cano et al. PNAS, 119:7, 2022"
m_tuberculosis,Rv0006,G,A,D,N,21,"Cano et al. PNAS, 119:7, 2022"
m_tuberculosis,Rv0006,G,C,D,H,7,"Cano et al. PNAS, 119:7, 2022"
m_tuberculosis,Rv0006,G,T,D,Y,17,"Cano et al. PNAS, 119:7, 2022"
m_tuberculosis,Rv0006,A,C,D,A,33,"Cano et al. PNAS, 119:7, 2022"
m_tuberculosis,Rv0006,A,G,D,G,86,"Cano et al. PNAS, 119:7, 2022"
m_tuberculosis,Rv0667,G,T,V,F,6,"Cano et al. PNAS, 119:7, 2022"
m_tuberculosis,Rv0667,T,C,V,A,1,"Cano et al. PNAS, 119:7, 2022"
m_tuberculosis,Rv0667,C,A,Q,K,4,"Cano et al. PNAS, 119:7, 2022"
m_tuberculosis,Rv0667,C,G,Q,E,1,"Cano et al. PNAS, 119:7, 2022"
m_tuberculosis,Rv0667,A,C,Q,P,3,"Cano et al. PNAS, 119:7, 2022"
m_tuberculosis,Rv0667,A,T,Q,L,4,"Cano et al. PNAS, 119:7, 2022"
m_tuberculosis,Rv0667,G,T,D,Y,39,"Cano et al. PNAS, 119:7, 2022"
m_tuberculosis,Rv0667,A,G,D,G,8,"Cano et al. PNAS, 119:7, 2022"
m_tuberculosis,Rv0667,A,T,D,V,65,"Cano et al. PNAS, 119:7, 2022"
m_tuberculosis,Rv0667,C,T,S,L,3,"Cano et al. PNAS, 119:7, 2022"
m_tuberculosis,Rv0667,C,A,H,N,17,"Cano et al. PNAS, 119:7, 2022"
m_tuberculosis,Rv0667,C,G,H,D,44,"Cano et al. PNAS, 119:7, 2022"
m_tuberculosis,Rv0667,C,T,H,Y,43,"Cano et al. PNAS, 119:7, 2022"
m_tuberculosis,Rv0667,A,C,H,P,4,"Cano et al. PNAS, 119:7, 2022"
m_tuberculosis,Rv0667,A,G,H,R,21,"Cano et al. PNAS, 119:7, 2022"
m_tuberculosis,Rv0667,A,T,H,L,17,"Cano et al. PNAS, 119:7, 2022"
m_tuberculosis,Rv0667,C,G,S,W,16,"Cano et al. PNAS, 119:7, 2022"
m_tuberculosis,Rv0667,C,T,S,L,306,"Cano et al. PNAS, 119:7, 2022"
m_tuberculosis,Rv0667,T,C,L,P,22,"Cano et al. PNAS, 119:7, 2022"
m_tuberculosis,Rv0667,A,T,I,F,6,"Cano et al. PNAS, 119:7, 2022"
m_tuberculosis,Rv0682,A,G,K,R,176,"Cano et al. PNAS, 119:7, 2022"
m_tuberculosis,Rv0682,A,G,K,R,50,"Cano et al. PNAS, 119:7, 2022"
m_tuberculosis,inhA,T,C,I,T,4,"Cano et al. PNAS, 119:7, 2022"
m_tuberculosis,inhA,T,C,I,T,8,"Cano et al. PNAS, 119:7, 2022"
m_tuberculosis,katG,A,C,L,R,1,"Cano et al. PNAS, 119:7, 2022"
m_tuberculosis,katG,C,A,G,C,1,"Cano et al. PNAS, 119:7, 2022"
m_tuberculosis,katG,G,C,S,R,1,"Cano et al. PNAS, 119:7, 2022"
m_tuberculosis,katG,G,T,S,R,5,"Cano et al. PNAS, 119:7, 2022"
m_tuberculosis,katG,C,A,S,I,3,"Cano et al. PNAS, 119:7, 2022"
m_tuberculosis,katG,C,G,S,T,321,"Cano et al. PNAS, 119:7, 2022"
m_tuberculosis,katG,C,T,S,S,29,"Cano et al. PNAS, 119:7, 2022"
m_tuberculosis,katG,T,C,S,G,3,"Cano et al. PNAS, 119:7, 2022"
m_tuberculosis,katG,C,T,G,S,2,"Cano et al. PNAS, 119:7, 2022"
m_tuberculosis,katG,T,C,D,G,2,"Cano et al. PNAS, 119:7, 2022"
m_tuberculosis,katG,T,G,D,A,1,"Cano et al. PNAS, 119:7, 2022"
m_tuberculosis,katG,T,C,Y,C,2,"Cano et al. PNAS, 119:7, 2022"
m_tuberculosis,pncA,C,A,R,S,1,"Cano et al. PNAS, 119:7, 2022"
m_tuberculosis,pncA,T,C,R,G,3,"Cano et al. PNAS, 119:7, 2022"
m_tuberculosis,pncA,C,G,R,P,2,"Cano et al. PNAS, 119:7, 2022"
m_tuberculosis,pncA,A,T,H,Q,3,"Cano et al. PNAS, 119:7, 2022"
m_tuberculosis,pncA,T,C,H,R,2,"Cano et al. PNAS, 119:7, 2022"
m_tuberculosis,pncA,G,A,H,Y,3,"Cano et al. PNAS, 119:7, 2022"
m_tuberculosis,pncA,G,T,H,S,1,"Cano et al. PNAS, 119:7, 2022"
m_tuberculosis,pncA,G,T,H,Q,1,"Cano et al. PNAS, 119:7, 2022"
m_tuberculosis,pncA,T,C,H,R,1,"Cano et al. PNAS, 119:7, 2022"
m_tuberculosis,pncA,T,G,H,P,1,"Cano et al. PNAS, 119:7, 2022"
m_tuberculosis,pncA,G,A,H,Y,3,"Cano et al. PNAS, 119:7, 2022"
m_tuberculosis,pncA,G,C,H,D,2,"Cano et al. PNAS, 119:7, 2022"
m_tuberculosis,kasA,G,A,V,I,1,"Cano et al. PNAS, 119:7, 2022"
m_tuberculosis,kasA,C,T,H,Y,1,"Cano et al. PNAS, 119:7, 2022"
m_tuberculosis,embB,A,C,M,L,12,"Cano et al. PNAS, 119:7, 2022"
m_tuberculosis,embB,A,G,M,V,150,"Cano et al. PNAS, 119:7, 2022"
m_tuberculosis,embB,A,T,M,L,2,"Cano et al. PNAS, 119:7, 2022"
m_tuberculosis,embB,G,A,M,I,95,"Cano et al. PNAS, 119:7, 2022"
m_tuberculosis,embB,G,C,M,I,30,"Cano et al. PNAS, 119:7, 2022"
m_tuberculosis,embB,G,T,M,I,9,"Cano et al. PNAS, 119:7, 2022"
m_tuberculosis,embB,T,G,Y,D,1,"Cano et al. PNAS, 119:7, 2022"
m_tuberculosis,embB,A,C,Y,S,6,"Cano et al. PNAS, 119:7, 2022"
m_tuberculosis,embB,A,G,Y,C,4,"Cano et al. PNAS, 119:7, 2022"
m_tuberculosis,embB,G,C,E,D,2,"Cano et al. PNAS, 119:7, 2022"
m_tuberculosis,embB,G,A,G,S,12,"Cano et al. PNAS, 119:7, 2022"
m_tuberculosis,embB,G,T,G,C,2,"Cano et al. PNAS, 119:7, 2022"
m_tuberculosis,embB,G,A,G,D,28,"Cano et al. PNAS, 119:7, 2022"
m_tuberculosis,embB,G,C,G,A,28,"Cano et al. PNAS, 119:7, 2022"
m_tuberculosis,embB,G,C,A,P,2,"Cano et al. PNAS, 119:7, 2022"
m_tuberculosis,embB,C,A,Q,K,15,"Cano et al. PNAS, 119:7, 2022"
m_tuberculosis,embB,A,C,Q,P,4,"Cano et al. PNAS, 119:7, 2022"
m_tuberculosis,embB,A,G,Q,R,43,"Cano et al. PNAS, 119:7, 2022"
m_tuberculosis,embB,G,C,Q,H,2,"Cano et al. PNAS, 119:7, 2022"
m_tuberculosis,embB,A,G,H,R,9,"Cano et al. PNAS, 119:7, 2022"
m_tuberculosis,gidB,G,T,A,E,1,"Cano et al. PNAS, 119:7, 2022"
m_tuberculosis,gidB,G,A,A,V,9,"Cano et al. PNAS, 119:7, 2022"
m_tuberculosis,gidB,G,T,A,E,2,"Cano et al. PNAS, 119:7, 2022"
m_tuberculosis,gidB,C,A,A,S,1,"Cano et al. PNAS, 119:7, 2022"
m_tuberculosis,gidB,G,A,A,V,1,"Cano et al. PNAS, 119:7, 2022"
m_tuberculosis,gidB,G,T,A,E,1,"Cano et al. PNAS, 119:7, 2022"
m_tuberculosis,gyrB,G,A,D,S,6,"Cano et al. PNAS, 119:7, 2022"
m_tuberculosis,gyrB,G,C,D,H,1,"Cano et al. PNAS, 119:7, 2022"
m_tuberculosis,gyrB,C,T,A,V,1,"Cano et al. PNAS, 119:7, 2022"
m_tuberculosis,gyrB,C,A,L,I,1,"Cano et al. PNAS, 119:7, 2022"
m_tuberculosis,gyrB,A,C,I,L,1,"Cano et al. PNAS, 119:7, 2022"
m_tuberculosis,gyrB,A,G,S,D,2,"Cano et al. PNAS, 119:7, 2022"
m_tuberculosis,gyrB,A,T,S,Y,1,"Cano et al. PNAS, 119:7, 2022"
m_tuberculosis,gyrB,A,C,S,T,3,"Cano et al. PNAS, 119:7, 2022"
m_tuberculosis,gyrB,A,G,S,S,3,"Cano et al. PNAS, 119:7, 2022"
m_tuberculosis,gyrB,C,A,S,K,1,"Cano et al. PNAS, 119:7, 2022"
m_tuberculosis,gyrB,C,G,S,K,1,"Cano et al. PNAS, 119:7, 2022"
m_tuberculosis,gyrA,G,T,G,C,5,"Cano et al. PNAS, 119:7, 2022"
m_tuberculosis,gyrA,G,C,G,A,4,"Cano et al. PNAS, 119:7, 2022"
m_tuberculosis,gyrA,C,G,A,G,1,"Cano et al. PNAS, 119:7, 2022"
m_tuberculosis,gyrA,C,T,A,V,73,"Cano et al. PNAS, 119:7, 2022"
m_tuberculosis,gyrA,T,C,S,P,24,"Cano et al. PNAS, 119:7, 2022"
m_tuberculosis,gyrA,G,A,D,S,18,"Cano et al. PNAS, 119:7, 2022"
m_tuberculosis,gyrA,G,C,D,H,8,"Cano et al. PNAS, 119:7, 2022"
m_tuberculosis,gyrA,G,T,D,Y,19,"Cano et al. PNAS, 119:7, 2022"
m_tuberculosis,gyrA,A,C,D,A,44,"Cano et al. PNAS, 119:7, 2022"
m_tuberculosis,gyrA,A,G,D,G,93,"Cano et al. PNAS, 119:7, 2022"
m_tuberculosis,gyrA,A,T,D,V,1,"Cano et al. PNAS, 119:7, 2022"
m_tuberculosis,rpoB,G,T,V,F,9,"Cano et al. PNAS, 119:7, 2022"
m_tuberculosis,rpoB,A,C,T,P,1,"Cano et al. PNAS, 119:7, 2022"
m_tuberculosis,rpoB,C,T,T,I,1,"Cano et al. PNAS, 119:7, 2022"
m_tuberculosis,rpoB,A,G,S,G,1,"Cano et al. PNAS, 119:7, 2022"
m_tuberculosis,rpoB,C,G,S,R,1,"Cano et al. PNAS, 119:7, 2022"
m_tuberculosis,rpoB,A,T,Q,L,1,"Cano et al. PNAS, 119:7, 2022"
m_tuberculosis,rpoB,G,C,Q,H,1,"Cano et al. PNAS, 119:7, 2022"
m_tuberculosis,rpoB,G,T,Q,H,1,"Cano et al. PNAS, 119:7, 2022"
m_tuberculosis,rpoB,T,C,L,P,27,"Cano et al. PNAS, 119:7, 2022"
m_tuberculosis,rpoB,T,G,L,R,2,"Cano et al. PNAS, 119:7, 2022"
m_tuberculosis,rpoB,A,G,S,G,2,"Cano et al. PNAS, 119:7, 2022"
m_tuberculosis,rpoB,C,A,Q,K,2,"Cano et al. PNAS, 119:7, 2022"
m_tuberculosis,rpoB,A,C,Q,P,1,"Cano et al. PNAS, 119:7, 2022"
m_tuberculosis,rpoB,A,T,Q,L,2,"Cano et al. PNAS, 119:7, 2022"
m_tuberculosis,rpoB,A,G,M,V,2,"Cano et al. PNAS, 119:7, 2022"
m_tuberculosis,rpoB,T,G,M,R,1,"Cano et al. PNAS, 119:7, 2022"
m_tuberculosis,rpoB,G,A,M,I,1,"Cano et al. PNAS, 119:7, 2022"
m_tuberculosis,rpoB,G,C,D,H,1,"Cano et al. PNAS, 119:7, 2022"
m_tuberculosis,rpoB,G,T,D,Y,30,"Cano et al. PNAS, 119:7, 2022"
m_tuberculosis,rpoB,A,C,D,A,2,"Cano et al. PNAS, 119:7, 2022"
m_tuberculosis,rpoB,A,G,D,G,13,"Cano et al. PNAS, 119:7, 2022"
m_tuberculosis,rpoB,A,T,D,V,54,"Cano et al. PNAS, 119:7, 2022"
m_tuberculosis,rpoB,C,G,D,E,1,"Cano et al. PNAS, 119:7, 2022"
m_tuberculosis,rpoB,A,C,S,H,1,"Cano et al. PNAS, 119:7, 2022"
m_tuberculosis,rpoB,T,A,S,T,1,"Cano et al. PNAS, 119:7, 2022"
m_tuberculosis,rpoB,T,C,S,P,1,"Cano et al. PNAS, 119:7, 2022"
m_tuberculosis,rpoB,C,G,S,W,1,"Cano et al. PNAS, 119:7, 2022"
m_tuberculosis,rpoB,C,T,S,L,5,"Cano et al. PNAS, 119:7, 2022"
m_tuberculosis,rpoB,G,A,G,E,1,"Cano et al. PNAS, 119:7, 2022"
m_tuberculosis,rpoB,C,T,T,I,1,"Cano et al. PNAS, 119:7, 2022"
m_tuberculosis,rpoB,C,A,H,S,13,"Cano et al. PNAS, 119:7, 2022"
m_tuberculosis,rpoB,C,G,H,D,30,"Cano et al. PNAS, 119:7, 2022"
m_tuberculosis,rpoB,C,T,H,Y,34,"Cano et al. PNAS, 119:7, 2022"
m_tuberculosis,rpoB,A,C,H,P,1,"Cano et al. PNAS, 119:7, 2022"
m_tuberculosis,rpoB,A,G,H,R,17,"Cano et al. PNAS, 119:7, 2022"
m_tuberculosis,rpoB,A,T,H,L,19,"Cano et al. PNAS, 119:7, 2022"
m_tuberculosis,rpoB,C,A,H,Q,4,"Cano et al. PNAS, 119:7, 2022"
m_tuberculosis,rpoB,C,G,H,Q,1,"Cano et al. PNAS, 119:7, 2022"
m_tuberculosis,rpoB,A,G,K,R,1,"Cano et al. PNAS, 119:7, 2022"
m_tuberculosis,rpoB,T,C,S,P,3,"Cano et al. PNAS, 119:7, 2022"
m_tuberculosis,rpoB,C,G,S,W,16,"Cano et al. PNAS, 119:7, 2022"
m_tuberculosis,rpoB,C,T,S,L,352,"Cano et al. PNAS, 119:7, 2022"
m_tuberculosis,rpoB,T,C,L,P,29,"Cano et al. PNAS, 119:7, 2022"
m_tuberculosis,rpoB,A,C,I,L,1,"Cano et al. PNAS, 119:7, 2022"
m_tuberculosis,rpoB,A,G,I,V,2,"Cano et al. PNAS, 119:7, 2022"
m_tuberculosis,rpoB,A,T,I,F,5,"Cano et al. PNAS, 119:7, 2022"
m_tuberculosis,rpoB,T,C,I,T,1,"Cano et al. PNAS, 119:7, 2022"
m_tuberculosis,rpoB,C,G,I,M,1,"Cano et al. PNAS, 119:7, 2022"
m_tuberculosis,rpoB,T,A,S,T,1,"Cano et al. PNAS, 119:7, 2022"
m_tuberculosis,rpsL,A,G,K,R,156,"Cano et al. PNAS, 119:7, 2022"
m_tuberculosis,rpsL,A,C,K,Q,1,"Cano et al. PNAS, 119:7, 2022"
m_tuberculosis,rpsL,A,C,K,T,3,"Cano et al. PNAS, 119:7, 2022"
m_tuberculosis,rpsL,A,G,K,R,43,"Cano et al. PNAS, 119:7, 2022"
m_tuberculosis,rpsL,A,T,K,M,3,"Cano et al. PNAS, 119:7, 2022"