,species,gene,ref_base,alt_base,effect,events,reference
0,p_aeruginosa,rpoB,T,C,V150A,9,"MacLean et al. Genetics, 186:4, 2010"
1,p_aeruginosa,rpoB,A,G,Q152R,4,"MacLean et al. Genetics, 186:4, 2010"
2,p_aeruginosa,rpoB,A,T,Q152L,37,"MacLean et al. Genetics, 186:4, 2010"
3,p_aeruginosa,rpoB,C,T,R459C,1,"MacLean et al. Genetics, 186:4, 2010"
4,p_aeruginosa,rpoB,T,C,F510S,1,"MacLean et al. Genetics, 186:4, 2010"
5,p_aeruginosa,rpoB,A,C,S514R,1,"MacLean et al. Genetics, 186:4, 2010"
6,p_aeruginosa,rpoB,T,G,S517A,3,"MacLean et al. Genetics, 186:4, 2010"
7,p_aeruginosa,rpoB,C,G,S517W,1,"MacLean et al. Genetics, 186:4, 2010"
8,p_aeruginosa,rpoB,C,T,S517L,14,"MacLean et al. Genetics, 186:4, 2010"
9,p_aeruginosa,rpoB,A,G,Q518R,4,"MacLean et al. Genetics, 186:4, 2010"
10,p_aeruginosa,rpoB,A,T,Q518L,3,"MacLean et al. Genetics, 186:4, 2010"
11,p_aeruginosa,rpoB,G,A,D521N,1,"MacLean et al. Genetics, 186:4, 2010"
12,p_aeruginosa,rpoB,A,G,D521G,35,"MacLean et al. Genetics, 186:4, 2010"
13,p_aeruginosa,rpoB,A,T,D521V,1,"MacLean et al. Genetics, 186:4, 2010"
14,p_aeruginosa,rpoB,C,A,D521E,1,"MacLean et al. Genetics, 186:4, 2010"
15,p_aeruginosa,rpoB,C,G,D521E,2,"MacLean et al. Genetics, 186:4, 2010"
16,p_aeruginosa,rpoB,A,G,N523D,2,"MacLean et al. Genetics, 186:4, 2010"
17,p_aeruginosa,rpoB,C,G,H531D,3,"MacLean et al. Genetics, 186:4, 2010"
18,p_aeruginosa,rpoB,C,T,H531Y,5,"MacLean et al. Genetics, 186:4, 2010"
19,p_aeruginosa,rpoB,A,T,H531L,1,"MacLean et al. Genetics, 186:4, 2010"
20,p_aeruginosa,rpoB,C,A,H531Q,1,"MacLean et al. Genetics, 186:4, 2010"
21,p_aeruginosa,rpoB,C,T,S536F,2,"MacLean et al. Genetics, 186:4, 2010"
22,p_aeruginosa,rpoB,C,T,A537V,1,"MacLean et al. Genetics, 186:4, 2010"
23,p_aeruginosa,rpoB,C,T,P540L,1,"MacLean et al. Genetics, 186:4, 2010"
24,p_aeruginosa,rpoB,G,A,G541D,1,"MacLean et al. Genetics, 186:4, 2010"
25,p_aeruginosa,rpoB,G,T,G542C,1,"MacLean et al. Genetics, 186:4, 2010"
26,p_aeruginosa,rpoB,T,G,V552G,1,"MacLean et al. Genetics, 186:4, 2010"
27,p_aeruginosa,rpoB,A,G,N573S,1,"MacLean et al. Genetics, 186:4, 2010"
28,p_aeruginosa,rpoB,G,C,G575A,1,"MacLean et al. Genetics, 186:4, 2010"
29,p_aeruginosa,rpoB,A,C,I577L,1,"MacLean et al. Genetics, 186:4, 2010"
30,p_aeruginosa,rpoB,C,T,S579F,4,"MacLean et al. Genetics, 186:4, 2010"
