,species,gene,ref_base,alt_base,effect,events,reference
0,p_falciparum,PF3D7_0103100,T,A,K922N,1,"Cowell et al. Science, 359:6372, 2018"
1,p_falciparum,PF3D7_0103100,C,G,D936H,1,"Cowell et al. Science, 359:6372, 2018"
2,p_falciparum,PF3D7_0107500,G,A,S490L,1,"Cowell et al. Science, 359:6372, 2018"
3,p_falciparum,PF3D7_0107500,A,T,F1436I,1,"Cowell et al. Science, 359:6372, 2018"
4,p_falciparum,PF3D7_0107500,G,T,A1208E,1,"Cowell et al. Science, 359:6372, 2018"
5,p_falciparum,PF3D7_0107500,C,T,M398I,1,"Cowell et al. Science, 359:6372, 2018"
6,p_falciparum,PF3D7_0107500,C,T,A1108T,1,"Cowell et al. Science, 359:6372, 2018"
7,p_falciparum,PF3D7_0319700,A,G,Y2079C,1,"Cowell et al. Science, 359:6372, 2018"
8,p_falciparum,PF3D7_0319700,G,C,R2180P,1,"Cowell et al. Science, 359:6372, 2018"
9,p_falciparum,PF3D7_0319700,C,G,R2180G,1,"Cowell et al. Science, 359:6372, 2018"
10,p_falciparum,PF3D7_0319700,G,C,R2180P,1,"Cowell et al. Science, 359:6372, 2018"
11,p_falciparum,PF3D7_0319700,T,A,L690I,1,"Cowell et al. Science, 359:6372, 2018"
12,p_falciparum,PF3D7_0321900,T,G,L830V,1,"Cowell et al. Science, 359:6372, 2018"
13,p_falciparum,PF3D7_0321900,G,A,E834K,1,"Cowell et al. Science, 359:6372, 2018"
14,p_falciparum,PF3D7_0321900,T,C,L1136P,1,"Cowell et al. Science, 359:6372, 2018"
15,p_falciparum,PF3D7_0321900,T,G,L830V,1,"Cowell et al. Science, 359:6372, 2018"
16,p_falciparum,PF3D7_0321900,G,A,M81I,1,"Cowell et al. Science, 359:6372, 2018"
17,p_falciparum,PF3D7_0321900,T,A,L833I,1,"Cowell et al. Science, 359:6372, 2018"
18,p_falciparum,PF3D7_0321900,G,T,S1076I,1,"Cowell et al. Science, 359:6372, 2018"
19,p_falciparum,PF3D7_0321900,T,A,L1073Q,1,"Cowell et al. Science, 359:6372, 2018"
20,p_falciparum,PF3D7_0321900,T,G,L830V,1,"Cowell et al. Science, 359:6372, 2018"
21,p_falciparum,PF3D7_0321900,G,A,M81I,1,"Cowell et al. Science, 359:6372, 2018"
22,p_falciparum,PF3D7_0321900,G,T,S1076I,1,"Cowell et al. Science, 359:6372, 2018"
23,p_falciparum,PF3D7_0321900,C,T,P822L,1,"Cowell et al. Science, 359:6372, 2018"
24,p_falciparum,PF3D7_0417200,G,A,G378E,1,"Cowell et al. Science, 359:6372, 2018"
25,p_falciparum,PF3D7_0417200,A,T,I403L,1,"Cowell et al. Science, 359:6372, 2018"
26,p_falciparum,PF3D7_0417200,C,A,H551N,1,"Cowell et al. Science, 359:6372, 2018"
27,p_falciparum,PF3D7_0425800,G,A,E391K,1,"Cowell et al. Science, 359:6372, 2018"
28,p_falciparum,PF3D7_0425800,G,A,R387Q,1,"Cowell et al. Science, 359:6372, 2018"
29,p_falciparum,PF3D7_0425800,C,G,R387G,1,"Cowell et al. Science, 359:6372, 2018"
30,p_falciparum,PF3D7_0425800,C,A,L3206M,1,"Cowell et al. Science, 359:6372, 2018"
31,p_falciparum,PF3D7_0425800,G,T,E3201D,1,"Cowell et al. Science, 359:6372, 2018"
32,p_falciparum,PF3D7_0509800,T,A,Y1356N,1,"Cowell et al. Science, 359:6372, 2018"
33,p_falciparum,PF3D7_0509800,A,C,L1418F,1,"Cowell et al. Science, 359:6372, 2018"
34,p_falciparum,PF3D7_0523000,G,C,G316R,1,"Cowell et al. Science, 359:6372, 2018"
35,p_falciparum,PF3D7_0523000,G,A,A807T,1,"Cowell et al. Science, 359:6372, 2018"
36,p_falciparum,PF3D7_0613800,C,G,Q197E,1,"Cowell et al. Science, 359:6372, 2018"
37,p_falciparum,PF3D7_0614200,C,T,D552N,1,"Cowell et al. Science, 359:6372, 2018"
38,p_falciparum,PF3D7_0614200,C,T,D552N,1,"Cowell et al. Science, 359:6372, 2018"
39,p_falciparum,PF3D7_0619300,T,C,I1972V,1,"Cowell et al. Science, 359:6372, 2018"
40,p_falciparum,PF3D7_0619300,A,T,N1777K,1,"Cowell et al. Science, 359:6372, 2018"
41,p_falciparum,PF3D7_0629500,C,G,K238N,1,"Cowell et al. Science, 359:6372, 2018"
42,p_falciparum,PF3D7_0629500,C,G,V185L,1,"Cowell et al. Science, 359:6372, 2018"
43,p_falciparum,PF3D7_0629500,A,G,F230L,1,"Cowell et al. Science, 359:6372, 2018"
44,p_falciparum,PF3D7_0629500,G,A,P380S,1,"Cowell et al. Science, 359:6372, 2018"
45,p_falciparum,PF3D7_0709000,A,C,K76Q,1,"Cowell et al. Science, 359:6372, 2018"
46,p_falciparum,PF3D7_0709000,C,T,A138V,1,"Cowell et al. Science, 359:6372, 2018"
47,p_falciparum,PF3D7_0709000,A,C,S65R,1,"Cowell et al. Science, 359:6372, 2018"
48,p_falciparum,PF3D7_0709000,G,A,S90N,1,"Cowell et al. Science, 359:6372, 2018"
49,p_falciparum,PF3D7_0709700,A,T,L323H,1,"Cowell et al. Science, 359:6372, 2018"
50,p_falciparum,PF3D7_0709700,A,G,L357P,1,"Cowell et al. Science, 359:6372, 2018"
51,p_falciparum,PF3D7_0909700,T,G,L95R,1,"Cowell et al. Science, 359:6372, 2018"
52,p_falciparum,PF3D7_0909700,G,A,G720E,1,"Cowell et al. Science, 359:6372, 2018"
53,p_falciparum,PF3D7_1036800,C,T,A94T,1,"Cowell et al. Science, 359:6372, 2018"
54,p_falciparum,PF3D7_1036800,A,T,S110R,1,"Cowell et al. Science, 359:6372, 2018"
55,p_falciparum,PF3D7_1036800,A,T,I411N,1,"Cowell et al. Science, 359:6372, 2018"
56,p_falciparum,PF3D7_1036800,C,T,D165N,1,"Cowell et al. Science, 359:6372, 2018"
57,p_falciparum,PF3D7_1036800,C,T,G559R,1,"Cowell et al. Science, 359:6372, 2018"
58,p_falciparum,PF3D7_1036800,C,T,R108K,1,"Cowell et al. Science, 359:6372, 2018"
59,p_falciparum,PF3D7_1116700,A,G,L437S,1,"Cowell et al. Science, 359:6372, 2018"
60,p_falciparum,PF3D7_1116700,A,G,L415P,1,"Cowell et al. Science, 359:6372, 2018"
61,p_falciparum,PF3D7_1116700,T,G,N62H,1,"Cowell et al. Science, 359:6372, 2018"
62,p_falciparum,PF3D7_1147500,C,T,A515T,1,"Cowell et al. Science, 359:6372, 2018"
63,p_falciparum,PF3D7_1147500,G,A,A515V,1,"Cowell et al. Science, 359:6372, 2018"
64,p_falciparum,PF3D7_1150400,A,G,N3023D,1,"Cowell et al. Science, 359:6372, 2018"
65,p_falciparum,PF3D7_1150400,G,A,G872E,1,"Cowell et al. Science, 359:6372, 2018"
66,p_falciparum,PF3D7_1150400,G,C,G152A,1,"Cowell et al. Science, 359:6372, 2018"
67,p_falciparum,PF3D7_1150400,T,C,M174T,1,"Cowell et al. Science, 359:6372, 2018"
68,p_falciparum,PF3D7_1150400,C,A,F175L,1,"Cowell et al. Science, 359:6372, 2018"
69,p_falciparum,PF3D7_1211900,T,C,I263V,1,"Cowell et al. Science, 359:6372, 2018"
70,p_falciparum,PF3D7_1211900,T,C,I203M,1,"Cowell et al. Science, 359:6372, 2018"
71,p_falciparum,PF3D7_1211900,G,A,A187V,1,"Cowell et al. Science, 359:6372, 2018"
72,p_falciparum,PF3D7_1211900,T,G,I203L,1,"Cowell et al. Science, 359:6372, 2018"
73,p_falciparum,PF3D7_1211900,C,T,A211T,1,"Cowell et al. Science, 359:6372, 2018"
74,p_falciparum,PF3D7_1211900,G,C,P990R,1,"Cowell et al. Science, 359:6372, 2018"
75,p_falciparum,PF3D7_1229100,C,G,A403P,1,"Cowell et al. Science, 359:6372, 2018"
76,p_falciparum,PF3D7_1229100,C,T,D976N,1,"Cowell et al. Science, 359:6372, 2018"
77,p_falciparum,PF3D7_1238800,T,G,F387V,1,"Cowell et al. Science, 359:6372, 2018"
78,p_falciparum,PF3D7_1238800,G,A,E668K,1,"Cowell et al. Science, 359:6372, 2018"
79,p_falciparum,PF3D7_1238800,G,T,D648Y,1,"Cowell et al. Science, 359:6372, 2018"
80,p_falciparum,PF3D7_1447900,T,A,K840N,1,"Cowell et al. Science, 359:6372, 2018"
81,p_falciparum,PF3D7_1471200,T,G,I596M,1,"Cowell et al. Science, 359:6372, 2018"
82,p_falciparum,PF3D7_1471200,A,C,K615N,1,"Cowell et al. Science, 359:6372, 2018"
83,p_falciparum,PF3D7_1471200,G,T,D520Y,1,"Cowell et al. Science, 359:6372, 2018"
