species,ref_base,alt_base,ref_aa,alt_aa,events,reference
p_fluorescens,C,G,N,K,1,"Ferguson et al. Genetics, 195:4, 2013"
p_fluorescens,G,T,G,W,1,"Ferguson et al. Genetics, 195:4, 2013"
p_fluorescens,T,A,Y,N,1,"Ferguson et al. Genetics, 195:4, 2013"
p_fluorescens,C,G,N,K,1,"Ferguson et al. Genetics, 195:4, 2013"
p_fluorescens,G,T,G,V,1,"Ferguson et al. Genetics, 195:4, 2013"
p_fluorescens,C,T,R,C,1,"Ferguson et al. Genetics, 195:4, 2013"
p_fluorescens,C,T,R,C,1,"Ferguson et al. Genetics, 195:4, 2013"
p_fluorescens,C,T,R,C,1,"Ferguson et al. Genetics, 195:4, 2013"
p_fluorescens,A,G,K,R,1,"Ferguson et al. Genetics, 195:4, 2013"
p_fluorescens,C,A,A,E,1,"Ferguson et al. Genetics, 195:4, 2013"
p_fluorescens,G,A,G,S,1,"Ferguson et al. Genetics, 195:4, 2013"
p_fluorescens,T,A,W,R,1,"Ferguson et al. Genetics, 195:4, 2013"
p_fluorescens,G,A,G,D,1,"Ferguson et al. Genetics, 195:4, 2013"
p_fluorescens,G,A,G,D,1,"Ferguson et al. Genetics, 195:4, 2013"
p_fluorescens,G,C,G,R,1,"Ferguson et al. Genetics, 195:4, 2013"
p_fluorescens,T,C,L,P,1,"Ferguson et al. Genetics, 195:4, 2013"
p_fluorescens,C,A,A,E,1,"Ferguson et al. Genetics, 195:4, 2013"
p_fluorescens,G,A,G,D,1,"Ferguson et al. Genetics, 195:4, 2013"
p_fluorescens,A,C,S,R,1,"McDonald et al. Genetics, 183:3, 2009"
p_fluorescens,G,A,E,K,1,"McDonald et al. Genetics, 183:3, 2009"
p_fluorescens,T,G,I,S,1,"McDonald et al. Genetics, 183:3, 2009"
p_fluorescens,G,T,G,C,1,"McDonald et al. Genetics, 183:3, 2009"
p_fluorescens,A,G,D,G,1,"McDonald et al. Genetics, 183:3, 2009"
p_fluorescens,G,T,V,L,1,"McDonald et al. Genetics, 183:3, 2009"
p_fluorescens,C,T,T,I,1,"McDonald et al. Genetics, 183:3, 2009"
p_fluorescens,C,T,H,Y,1,"McDonald et al. Genetics, 183:3, 2009"
p_fluorescens,A,C,K,N,1,"McDonald et al. Genetics, 183:3, 2009"
p_fluorescens,G,T,D,Y,1,"McDonald et al. Genetics, 183:3, 2009"
p_fluorescens,G,T,G,V,1,"McDonald et al. Genetics, 183:3, 2009"
p_fluorescens,G,A,G,D,1,"McDonald et al. Genetics, 183:3, 2009"
p_fluorescens,C,T,S,F,1,"McDonald et al. Genetics, 183:3, 2009"
p_fluorescens,A,C,S,R,1,"McDonald et al. Genetics, 183:3, 2009"
p_fluorescens,T,C,V,A,1,"McDonald et al. Genetics, 183:3, 2009"
p_fluorescens,T,G,L,R,1,"McDonald et al. Genetics, 183:3, 2009"
p_fluorescens,G,A,A,T,1,"McDonald et al. Genetics, 183:3, 2009"