species,gene,ref_base,alt_base,effect,events,reference
s_cerevisiae,CDC43,A,G,Y44C,1,"Ottilie et al. Comm. Biol., 5:128, 2022"
s_cerevisiae,CDC43,T,G,C343W,1,"Ottilie et al. Comm. Biol., 5:128, 2022"
s_cerevisiae,TUB2,C,A,R241S,1,"Ottilie et al. Comm. Biol., 5:128, 2022"
s_cerevisiae,CDC60,T,A,V400D,1,"Ottilie et al. Comm. Biol., 5:128, 2022"
s_cerevisiae,TOP2,G,T,V481F,1,"Ottilie et al. Comm. Biol., 5:128, 2022"
s_cerevisiae,ERG9,G,C,W108S,1,"Ottilie et al. Comm. Biol., 5:128, 2022"
s_cerevisiae,RPL28,A,T,Q38L,1,"Ottilie et al. Comm. Biol., 5:128, 2022"
s_cerevisiae,YRR1,G,T,T623K,1,"Ottilie et al. Comm. Biol., 5:128, 2022"
s_cerevisiae,VMA16,C,A,A75E,1,"Ottilie et al. Comm. Biol., 5:128, 2022"
s_cerevisiae,ERG9,G,C,G154A,1,"Ottilie et al. Comm. Biol., 5:128, 2022"
s_cerevisiae,BCY1,C,A,R275M,1,"Ottilie et al. Comm. Biol., 5:128, 2022"
s_cerevisiae,PMA1,G,T,P339T,1,"Ottilie et al. Comm. Biol., 5:128, 2022"
s_cerevisiae,TUP1,C,A,W470C,1,"Ottilie et al. Comm. Biol., 5:128, 2022"
s_cerevisiae,TUP1,C,A,D471Y,1,"Ottilie et al. Comm. Biol., 5:128, 2022"
s_cerevisiae,VMA16,C,A,A75E,1,"Ottilie et al. Comm. Biol., 5:128, 2022"
s_cerevisiae,ERG12,G,C,W63S,1,"Ottilie et al. Comm. Biol., 5:128, 2022"
s_cerevisiae,ERG9,T,A,Y175N,1,"Ottilie et al. Comm. Biol., 5:128, 2022"
s_cerevisiae,TUP1,C,A,R468I,1,"Ottilie et al. Comm. Biol., 5:128, 2022"
s_cerevisiae,HEM1,A,C,Y444S,1,"Ottilie et al. Comm. Biol., 5:128, 2022"
s_cerevisiae,VMA1,G,T,V35F,1,"Ottilie et al. Comm. Biol., 5:128, 2022"
s_cerevisiae,ERG20,A,G,Y95C,1,"Ottilie et al. Comm. Biol., 5:128, 2022"
s_cerevisiae,ACT1,C,T,R116K,1,"Ottilie et al. Comm. Biol., 5:128, 2022"
s_cerevisiae,BCK1,A,G,T1196A,1,"Ottilie et al. Comm. Biol., 5:128, 2022"
s_cerevisiae,YRR1,C,G,L611F,1,"Ottilie et al. Comm. Biol., 5:128, 2022"
s_cerevisiae,YRR1,C,G,L611F,1,"Ottilie et al. Comm. Biol., 5:128, 2022"
s_cerevisiae,YRR1,C,G,L611F,1,"Ottilie et al. Comm. Biol., 5:128, 2022"
s_cerevisiae,BCK1,G,C,G1262A,1,"Ottilie et al. Comm. Biol., 5:128, 2022"
s_cerevisiae,CYR1,T,G,F1718V,1,"Ottilie et al. Comm. Biol., 5:128, 2022"
s_cerevisiae,PMS1,C,G,N693K,1,"Ottilie et al. Comm. Biol., 5:128, 2022"
s_cerevisiae,VMA9,C,T,TM,1,"Ottilie et al. Comm. Biol., 5:128, 2022"
s_cerevisiae,RSP5,G,T,W359C,1,"Ottilie et al. Comm. Biol., 5:128, 2022"
s_cerevisiae,YRM1,T,A,Y586N,1,"Ottilie et al. Comm. Biol., 5:128, 2022"
s_cerevisiae,YRM1,A,C,T590P,1,"Ottilie et al. Comm. Biol., 5:128, 2022"
s_cerevisiae,TOP1,C,A,G297C,1,"Ottilie et al. Comm. Biol., 5:128, 2022"
s_cerevisiae,YRM1,G,A,E664K,1,"Ottilie et al. Comm. Biol., 5:128, 2022"
s_cerevisiae,YRM1,A,T,N660I,1,"Ottilie et al. Comm. Biol., 5:128, 2022"
s_cerevisiae,YRM1,G,C,A669P,1,"Ottilie et al. Comm. Biol., 5:128, 2022"
s_cerevisiae,YRM1,G,C,G580A,1,"Ottilie et al. Comm. Biol., 5:128, 2022"
s_cerevisiae,YRM1,C,A,Q524K,1,"Ottilie et al. Comm. Biol., 5:128, 2022"
s_cerevisiae,YRM1,C,A,T590N,1,"Ottilie et al. Comm. Biol., 5:128, 2022"
s_cerevisiae,YRR1,A,G,L631P,1,"Ottilie et al. Comm. Biol., 5:128, 2022"
s_cerevisiae,YRR1,G,C,T623R,1,"Ottilie et al. Comm. Biol., 5:128, 2022"
s_cerevisiae,YRR1,G,T,T711N,1,"Ottilie et al. Comm. Biol., 5:128, 2022"
s_cerevisiae,YRM1,C,A,T590N,1,"Ottilie et al. Comm. Biol., 5:128, 2022"
s_cerevisiae,YRM1,G,C,L671F,1,"Ottilie et al. Comm. Biol., 5:128, 2022"
s_cerevisiae,YRM1,C,T,P575L,1,"Ottilie et al. Comm. Biol., 5:128, 2022"
s_cerevisiae,YRM1,A,T,N683I,1,"Ottilie et al. Comm. Biol., 5:128, 2022"
s_cerevisiae,YRM1,G,C,L671F,1,"Ottilie et al. Comm. Biol., 5:128, 2022"
s_cerevisiae,YRM1,G,T,G580V,1,"Ottilie et al. Comm. Biol., 5:128, 2022"
s_cerevisiae,YRR1,G,T,T623K,1,"Ottilie et al. Comm. Biol., 5:128, 2022"
s_cerevisiae,YRM1,G,C,L671F,1,"Ottilie et al. Comm. Biol., 5:128, 2022"
s_cerevisiae,YRM1,G,C,A669P,1,"Ottilie et al. Comm. Biol., 5:128, 2022"
s_cerevisiae,YRM1,C,A,T590N,1,"Ottilie et al. Comm. Biol., 5:128, 2022"
s_cerevisiae,YRM1,G,T,L671F,1,"Ottilie et al. Comm. Biol., 5:128, 2022"
s_cerevisiae,YRM1,G,T,G580C,1,"Ottilie et al. Comm. Biol., 5:128, 2022"
s_cerevisiae,YRM1,G,C,A669P,1,"Ottilie et al. Comm. Biol., 5:128, 2022"
s_cerevisiae,YRM1,G,T,G580V,1,"Ottilie et al. Comm. Biol., 5:128, 2022"
s_cerevisiae,YRM1,G,A,E664K,1,"Ottilie et al. Comm. Biol., 5:128, 2022"
s_cerevisiae,YRR1,G,T,T623K,1,"Ottilie et al. Comm. Biol., 5:128, 2022"
s_cerevisiae,YRR1,G,T,S616Y,1,"Ottilie et al. Comm. Biol., 5:128, 2022"
s_cerevisiae,YRM1,C,G,S578C,1,"Ottilie et al. Comm. Biol., 5:128, 2022"
s_cerevisiae,YRM1,G,T,G580C,1,"Ottilie et al. Comm. Biol., 5:128, 2022"
s_cerevisiae,YRM1,T,C,Y667H,1,"Ottilie et al. Comm. Biol., 5:128, 2022"
s_cerevisiae,YRR1,A,G,I700T,1,"Ottilie et al. Comm. Biol., 5:128, 2022"
s_cerevisiae,YRR1,T,G,R708S,1,"Ottilie et al. Comm. Biol., 5:128, 2022"
s_cerevisiae,TOP2,T,G,V137G,1,"Ottilie et al. Comm. Biol., 5:128, 2022"
s_cerevisiae,TOP2,T,A,I328N,1,"Ottilie et al. Comm. Biol., 5:128, 2022"
s_cerevisiae,TOP2,T,G,M1119R,1,"Ottilie et al. Comm. Biol., 5:128, 2022"
s_cerevisiae,TOP2,C,A,T839N,1,"Ottilie et al. Comm. Biol., 5:128, 2022"
s_cerevisiae,FUR1,G,A,D193N,1,"Ottilie et al. Comm. Biol., 5:128, 2022"
s_cerevisiae,FUR1,G,T,D193Y,1,"Ottilie et al. Comm. Biol., 5:128, 2022"
s_cerevisiae,FUR1,A,G,Y213C,1,"Ottilie et al. Comm. Biol., 5:128, 2022"
s_cerevisiae,FUR1,G,C,A141P,1,"Ottilie et al. Comm. Biol., 5:128, 2022"
s_cerevisiae,YRR1,T,G,E690A,1,"Ottilie et al. Comm. Biol., 5:128, 2022"
s_cerevisiae,YRR1,C,A,V704F,1,"Ottilie et al. Comm. Biol., 5:128, 2022"
s_cerevisiae,ACT1,G,T,F375L,1,"Ottilie et al. Comm. Biol., 5:128, 2022"
s_cerevisiae,PMA1,C,G,G294A,1,"Ottilie et al. Comm. Biol., 5:128, 2022"
s_cerevisiae,PMA1,C,T,G294S,1,"Ottilie et al. Comm. Biol., 5:128, 2022"
s_cerevisiae,PMA1,G,C,N291K,1,"Ottilie et al. Comm. Biol., 5:128, 2022"
s_cerevisiae,YRR1,G,T,T623K,1,"Ottilie et al. Comm. Biol., 5:128, 2022"
s_cerevisiae,PMA1,C,A,G294C,1,"Ottilie et al. Comm. Biol., 5:128, 2022"
s_cerevisiae,YRM1,G,T,G580V,1,"Ottilie et al. Comm. Biol., 5:128, 2022"
s_cerevisiae,TUB2,G,C,L250F,1,"Ottilie et al. Comm. Biol., 5:128, 2022"
s_cerevisiae,YRR1,G,C,T623R,1,"Ottilie et al. Comm. Biol., 5:128, 2022"
s_cerevisiae,YRM1,T,C,Y667H,1,"Ottilie et al. Comm. Biol., 5:128, 2022"
s_cerevisiae,YRM1,C,A,T590N,1,"Ottilie et al. Comm. Biol., 5:128, 2022"
s_cerevisiae,YRM1,G,A,G580S,1,"Ottilie et al. Comm. Biol., 5:128, 2022"
s_cerevisiae,YRR1,G,T,T623K,1,"Ottilie et al. Comm. Biol., 5:128, 2022"
s_cerevisiae,YRR1,A,C,Y787D,1,"Ottilie et al. Comm. Biol., 5:128, 2022"
s_cerevisiae,YRR1,T,G,T711P,1,"Ottilie et al. Comm. Biol., 5:128, 2022"
s_cerevisiae,YRR1,C,G,R708T,1,"Ottilie et al. Comm. Biol., 5:128, 2022"
s_cerevisiae,YRR1,G,T,T696N,1,"Ottilie et al. Comm. Biol., 5:128, 2022"
s_cerevisiae,YRM1,G,T,G580C,1,"Ottilie et al. Comm. Biol., 5:128, 2022"
s_cerevisiae,YRM1,G,C,A669P,1,"Ottilie et al. Comm. Biol., 5:128, 2022"
s_cerevisiae,YRM1,T,C,Y586H,1,"Ottilie et al. Comm. Biol., 5:128, 2022"
s_cerevisiae,YRM1,T,C,L591P,1,"Ottilie et al. Comm. Biol., 5:128, 2022"
s_cerevisiae,YRM1,G,C,G580A,1,"Ottilie et al. Comm. Biol., 5:128, 2022"
s_cerevisiae,YRM1,G,T,R678I,1,"Ottilie et al. Comm. Biol., 5:128, 2022"
s_cerevisiae,YRR1,G,A,L701F,1,"Ottilie et al. Comm. Biol., 5:128, 2022"
s_cerevisiae,YRR1,G,A,T623M,1,"Ottilie et al. Comm. Biol., 5:128, 2022"
s_cerevisiae,YRR1,T,A,L655F,1,"Ottilie et al. Comm. Biol., 5:128, 2022"
s_cerevisiae,YRR1,C,G,W784S,1,"Ottilie et al. Comm. Biol., 5:128, 2022"
s_cerevisiae,YRR1,G,A,L701F,1,"Ottilie et al. Comm. Biol., 5:128, 2022"
s_cerevisiae,YRR1,G,A,S616F,1,"Ottilie et al. Comm. Biol., 5:128, 2022"
s_cerevisiae,YRR1,G,T,T623K,1,"Ottilie et al. Comm. Biol., 5:128, 2022"
s_cerevisiae,YRR1,C,A,V612F,1,"Ottilie et al. Comm. Biol., 5:128, 2022"
s_cerevisiae,YRR1,G,A,S685L,1,"Ottilie et al. Comm. Biol., 5:128, 2022"
s_cerevisiae,YRR1,A,T,F783Y,1,"Ottilie et al. Comm. Biol., 5:128, 2022"
s_cerevisiae,YRR1,T,C,R708G,1,"Ottilie et al. Comm. Biol., 5:128, 2022"
s_cerevisiae,YRR1,G,C,T623R,1,"Ottilie et al. Comm. Biol., 5:128, 2022"
s_cerevisiae,YRR1,A,G,W791R,1,"Ottilie et al. Comm. Biol., 5:128, 2022"
s_cerevisiae,YRR1,A,T,I700N,1,"Ottilie et al. Comm. Biol., 5:128, 2022"
s_cerevisiae,YRR1,A,T,F783I,1,"Ottilie et al. Comm. Biol., 5:128, 2022"
s_cerevisiae,ERG3,T,A,H292Q,1,"Ottilie et al. Comm. Biol., 5:128, 2022"
s_cerevisiae,ERG3,C,A,H288Q,1,"Ottilie et al. Comm. Biol., 5:128, 2022"
s_cerevisiae,CDC60,G,T,V400F,1,"Ottilie et al. Comm. Biol., 5:128, 2022"
s_cerevisiae,CDC60,T,G,M493R,1,"Ottilie et al. Comm. Biol., 5:128, 2022"
s_cerevisiae,CDC60,G,C,R316T,1,"Ottilie et al. Comm. Biol., 5:128, 2022"
s_cerevisiae,YRM1,C,A,T590N,1,"Ottilie et al. Comm. Biol., 5:128, 2022"
s_cerevisiae,YRM1,C,T,H632Y,1,"Ottilie et al. Comm. Biol., 5:128, 2022"
s_cerevisiae,YRM1,G,A,G580S,1,"Ottilie et al. Comm. Biol., 5:128, 2022"
s_cerevisiae,YRM1,G,C,G580A,1,"Ottilie et al. Comm. Biol., 5:128, 2022"
s_cerevisiae,YRM1,G,T,G580C,1,"Ottilie et al. Comm. Biol., 5:128, 2022"
s_cerevisiae,YRM1,A,G,T579A,1,"Ottilie et al. Comm. Biol., 5:128, 2022"
s_cerevisiae,YRM1,G,T,L671F,1,"Ottilie et al. Comm. Biol., 5:128, 2022"
s_cerevisiae,YRM1,C,T,T579I,1,"Ottilie et al. Comm. Biol., 5:128, 2022"
s_cerevisiae,YRM1,G,A,E664K,1,"Ottilie et al. Comm. Biol., 5:128, 2022"
s_cerevisiae,YRM1,A,T,N660Y,1,"Ottilie et al. Comm. Biol., 5:128, 2022"
s_cerevisiae,YRM1,C,A,T590N,1,"Ottilie et al. Comm. Biol., 5:128, 2022"
s_cerevisiae,YRM1,C,A,Q524K,1,"Ottilie et al. Comm. Biol., 5:128, 2022"
s_cerevisiae,PDR5,G,A,A670T,1,"Geck et al. G3, 14:9, 2024"
s_cerevisiae,PDR1,A,G,F1047S,1,"Geck et al. G3, 14:9, 2024"
s_cerevisiae,PDR1,A,T,L268H,1,"Geck et al. G3, 14:9, 2024"
s_cerevisiae,YRR1,T,G,T699P,1,"Geck et al. G3, 14:9, 2024"
s_cerevisiae,PDR1,C,G,G280A,1,"Geck et al. G3, 14:9, 2024"
s_cerevisiae,PDR1,C,G,G280A,1,"Geck et al. G3, 14:9, 2024"
s_cerevisiae,PDR1,G,A,S881L,1,"Geck et al. G3, 14:9, 2024"
s_cerevisiae,PDR1,G,A,S881L,1,"Geck et al. G3, 14:9, 2024"
s_cerevisiae,PDR1,A,T,L1056H,1,"Geck et al. G3, 14:9, 2024"
s_cerevisiae,PDR1,G,A,R821C,1,"Geck et al. G3, 14:9, 2024"
s_cerevisiae,PDR1,C,T,E303K,1,"Geck et al. G3, 14:9, 2024"
s_cerevisiae,PDR1,C,T,G1042R,1,"Geck et al. G3, 14:9, 2024"
s_cerevisiae,PDR1,A,G,F769L,1,"Geck et al. G3, 14:9, 2024"
s_cerevisiae,SKY1,G,A,P390L,1,"Geck et al. G3, 14:9, 2024"
s_cerevisiae,PDR5,C,G,A670G,1,"Geck et al. G3, 14:9, 2024"
s_cerevisiae,SIT4,C,G,T95R,1,"Geck et al. G3, 14:9, 2024"
s_cerevisiae,PDR1,T,G,K540T,1,"Geck et al. G3, 14:9, 2024"
s_cerevisiae,PDR5,G,C,V656L,1,"Geck et al. G3, 14:9, 2024"
s_cerevisiae,SKY1,C,T,E596K,1,"Geck et al. G3, 14:9, 2024"
s_cerevisiae,PDR1,T,G,H751P,1,"Geck et al. G3, 14:9, 2024"
s_cerevisiae,SIT4,T,A,L91Q,1,"Geck et al. G3, 14:9, 2024"
s_cerevisiae,PDR1,A,G,F1039S,1,"Geck et al. G3, 14:9, 2024"
s_cerevisiae,PDR5,A,G,Q1217R,1,"Geck et al. G3, 14:9, 2024"
s_cerevisiae,SIT4,C,G,P47A,1,"Geck et al. G3, 14:9, 2024"
s_cerevisiae,PDR5,G,T,M649I,1,"Geck et al. G3, 14:9, 2024"
s_cerevisiae,SIT4,G,T,R182I,1,"Geck et al. G3, 14:9, 2024"
s_cerevisiae,SIT4,A,T,Q239H,1,"Geck et al. G3, 14:9, 2024"
s_cerevisiae,SKY1,G,A,H560Y,1,"Geck et al. G3, 14:9, 2024"
s_cerevisiae,PDR5,C,G,A670G,1,"Geck et al. G3, 14:9, 2024"
s_cerevisiae,SIT4,C,G,T95R,1,"Geck et al. G3, 14:9, 2024"
s_cerevisiae,PDR1,G,T,T859K,1,"Geck et al. G3, 14:9, 2024"
s_cerevisiae,SKY1,G,C,R190G,1,"Geck et al. G3, 14:9, 2024"
s_cerevisiae,PDR5,A,C,L573F,1,"Geck et al. G3, 14:9, 2024"
s_cerevisiae,SIT4,G,T,V84L,1,"Geck et al. G3, 14:9, 2024"
s_cerevisiae,PDR1,A,C,F482V,1,"Geck et al. G3, 14:9, 2024"
s_cerevisiae,SIT4,G,C,G125R,1,"Geck et al. G3, 14:9, 2024"
s_cerevisiae,PDR1,T,G,M308L,1,"Geck et al. G3, 14:9, 2024"
s_cerevisiae,PDR5,G,T,V813F,1,"Geck et al. G3, 14:9, 2024"
s_cerevisiae,SIT4,G,A,E129K,1,"Geck et al. G3, 14:9, 2024"
s_cerevisiae,PDR1,C,T,E303K,1,"Geck et al. G3, 14:9, 2024"
s_cerevisiae,SKY1,A,T,L603H,1,"Geck et al. G3, 14:9, 2024"
s_cerevisiae,PDR1,C,G,G1042A,1,"Geck et al. G3, 14:9, 2024"
s_cerevisiae,SIT4,C,A,N40K,1,"Geck et al. G3, 14:9, 2024"
s_cerevisiae,PDR1,T,A,N741Y,1,"Geck et al. G3, 14:9, 2024"
s_cerevisiae,PDR5,A,C,H234P,1,"Geck et al. G3, 14:9, 2024"
s_cerevisiae,PDR1,C,G,G280A,1,"Geck et al. G3, 14:9, 2024"
s_cerevisiae,SIT4,G,T,C130F,1,"Geck et al. G3, 14:9, 2024"
s_cerevisiae,PDR1,C,T,E1046K,1,"Geck et al. G3, 14:9, 2024"
s_cerevisiae,SIT4,A,T,L167F,1,"Geck et al. G3, 14:9, 2024"
s_cerevisiae,PDR1,T,C,E1046G,1,"Geck et al. G3, 14:9, 2024"
s_cerevisiae,SIT4,C,T,P47L,1,"Geck et al. G3, 14:9, 2024"
s_cerevisiae,PDR1,A,G,L759S,1,"Geck et al. G3, 14:9, 2024"
s_cerevisiae,SIT4,T,A,L91Q,1,"Geck et al. G3, 14:9, 2024"
s_cerevisiae,PDR1,T,A,N741Y,1,"Geck et al. G3, 14:9, 2024"
s_cerevisiae,PDR5,G,T,Q950H,1,"Geck et al. G3, 14:9, 2024"
s_cerevisiae,SKY1,T,C,E596G,1,"Geck et al. G3, 14:9, 2024"
s_cerevisiae,SIT4,C,G,T95R,1,"Geck et al. G3, 14:9, 2024"
s_cerevisiae,PDR1,G,T,T1043K,1,"Geck et al. G3, 14:9, 2024"
s_cerevisiae,SIT4,C,G,T95R,1,"Geck et al. G3, 14:9, 2024"
s_cerevisiae,PDR1,A,G,L868S,1,"Geck et al. G3, 14:9, 2024"
s_cerevisiae,PDR5,G,C,G657A,1,"Geck et al. G3, 14:9, 2024"
s_cerevisiae,PDR1,C,T,R821H,1,"Geck et al. G3, 14:9, 2024"
s_cerevisiae,PDR5,G,T,A670S,1,"Geck et al. G3, 14:9, 2024"
s_cerevisiae,PDR1,A,G,L868S,1,"Geck et al. G3, 14:9, 2024"
s_cerevisiae,PDR5,C,G,A670G,1,"Geck et al. G3, 14:9, 2024"
s_cerevisiae,PDR1,C,A,V1048F,1,"Geck et al. G3, 14:9, 2024"
s_cerevisiae,PDR5 ,G,C,V656L,1,"Geck et al. G3, 14:9, 2024"
s_cerevisiae,PDR1,G,A,T879M,1,"Geck et al. G3, 14:9, 2024"
s_cerevisiae,PDR5,T,A,I575N,1,"Geck et al. G3, 14:9, 2024"
s_cerevisiae,SIT4,C,G,P47R,1,"Geck et al. G3, 14:9, 2024"
s_cerevisiae,PDR1,C,A,A301S,1,"Geck et al. G3, 14:9, 2024"
s_cerevisiae,PDR5,G,C,G657A,1,"Geck et al. G3, 14:9, 2024"