species,ref_base,alt_base,ref_aa,alt_aa,events,reference
s_typhimurium,G,T,D,Y,1,"Maisnier-Patin et al. Mol. Micro., 46:2, 2002"
s_typhimurium,A,T,Q,L,4,"Maisnier-Patin et al. Mol. Micro., 46:2, 2002"
s_typhimurium,A,G,N,D,1,"Maisnier-Patin et al. Mol. Micro., 46:2, 2002"
s_typhimurium,A,G,N,S,1,"Maisnier-Patin et al. Mol. Micro., 46:2, 2002"
s_typhimurium,G,A,T,I,1,"Maisnier-Patin et al. Mol. Micro., 46:2, 2002"
s_typhimurium,A,G,E,G,2,"Maisnier-Patin et al. Mol. Micro., 46:2, 2002"
s_typhimurium,A,T,E,V,1,"Maisnier-Patin et al. Mol. Micro., 46:2, 2002"
s_typhimurium,G,A,S,F,2,"Maisnier-Patin et al. Mol. Micro., 46:2, 2002"
s_typhimurium,G,A,A,V,2,"Maisnier-Patin et al. Mol. Micro., 46:2, 2002"
s_typhimurium,G,C,G,A,2,"Maisnier-Patin et al. Mol. Micro., 46:2, 2002"
s_typhimurium,A,G,T,A,3,"Maisnier-Patin et al. Mol. Micro., 46:2, 2002"
s_typhimurium,A,C,I,S,1,"Maisnier-Patin et al. Mol. Micro., 46:2, 2002"
s_typhimurium,G,C,G,A,2,"Maisnier-Patin et al. Mol. Micro., 46:2, 2002"
s_typhimurium,G,A,G,D,1,"Maisnier-Patin et al. Mol. Micro., 46:2, 2002"
s_typhimurium,A,G,V,A,1,"Maisnier-Patin et al. Mol. Micro., 46:2, 2002"
s_typhimurium,G,A,T,I,1,"Maisnier-Patin et al. Mol. Micro., 46:2, 2002"
s_typhimurium,G,A,R,H,1,"Maisnier-Patin et al. Mol. Micro., 46:2, 2002"
s_typhimurium,A,G,Q,R,1,"Maisnier-Patin et al. Mol. Micro., 46:2, 2002"
s_typhimurium,A,T,Q,L,1,"Maisnier-Patin et al. Mol. Micro., 46:2, 2002"
s_typhimurium,G,C,G,A,1,"Maisnier-Patin et al. Mol. Micro., 46:2, 2002"