species,gene,ref_base,alt_base,effect,events,reference
t_gondii,alpha_tubulin,A,G,T51A,1,"Ma et al. Genetics, 180:2, 2008"
t_gondii,alpha_tubulin,G,A,V181I,1,"Ma et al. Genetics, 180:2, 2008"
t_gondii,alpha_tubulin,C,T,A273V,1,"Ma et al. Genetics, 180:2, 2008"
t_gondii,alpha_tubulin,A,G,N293D,1,"Ma et al. Genetics, 180:2, 2008"
t_gondii,alpha_tubulin,G,C,S300T,1,"Ma et al. Genetics, 180:2, 2008"
t_gondii,alpha_tubulin,T,C,M313T,1,"Ma et al. Genetics, 180:2, 2008"
t_gondii,alpha_tubulin,C,G,P360A,1,"Ma et al. Genetics, 180:2, 2008"
t_gondii,alpha_tubulin,A,C,T361P,1,"Ma et al. Genetics, 180:2, 2008"
t_gondii,alpha_tubulin,C,G,P364A,1,"Ma et al. Genetics, 180:2, 2008"
t_gondii,alpha_tubulin,C,G,P364R,1,"Ma et al. Genetics, 180:2, 2008"
t_gondii,alpha_tubulin,G,C,G366R,1,"Ma et al. Genetics, 180:2, 2008"
t_gondii,alpha_tubulin,A,T,D367V,1,"Ma et al. Genetics, 180:2, 2008"
t_gondii,alpha_tubulin,C,T,R373C,1,"Ma et al. Genetics, 180:2, 2008"
t_gondii,beta_tubulin,G,A,G34S,1,"Ma et al. Genetics, 180:2, 2008"
t_gondii,beta_tubulin,G,A,G82D,1,"Ma et al. Genetics, 180:2, 2008"
t_gondii,beta_tubulin,C,T,P261S,1,"Ma et al. Genetics, 180:2, 2008"
t_gondii,beta_tubulin,G,T,G269V,1,"Ma et al. Genetics, 180:2, 2008"
t_gondii,beta_tubulin,C,G,L273V,1,"Ma et al. Genetics, 180:2, 2008"
t_gondii,alpha_tubulin,A,G,I93V,1,"Ma et al. Genetics, 180:2, 2008"
t_gondii,alpha_tubulin,G,C,G131R,1,"Ma et al. Genetics, 180:2, 2008"
t_gondii,alpha_tubulin,T,G,S171A,1,"Ma et al. Genetics, 180:2, 2008"
t_gondii,alpha_tubulin,A,G,I209V,1,"Ma et al. Genetics, 180:2, 2008"
t_gondii,alpha_tubulin,C,G,L230V,1,"Ma et al. Genetics, 180:2, 2008"
t_gondii,alpha_tubulin,C,T,P348L,1,"Ma et al. Genetics, 180:2, 2008"
t_gondii,alpha_tubulin,T,G,V371G,1,"Ma et al. Genetics, 180:2, 2008"
t_gondii,alpha_tubulin,T,A,F418I,1,"Ma et al. Genetics, 180:2, 2008"
t_gondii,beta_tubulin,G,C,A18P,1,"Ma et al. Genetics, 180:2, 2008"
t_gondii,beta_tubulin,C,G,P61A,1,"Ma et al. Genetics, 180:2, 2008"
t_gondii,beta_tubulin,A,G,K122E,1,"Ma et al. Genetics, 180:2, 2008"
t_gondii,beta_tubulin,C,G,Q291E,1,"Ma et al. Genetics, 180:2, 2008"
t_gondii,beta_tubulin,C,T,R318C,1,"Ma et al. Genetics, 180:2, 2008"
t_gondii,beta_tubulin,A,C,N337T,1,"Ma et al. Genetics, 180:2, 2008"
t_gondii,beta_tubulin,A,G,M363V,1,"Ma et al. Genetics, 180:2, 2008"
t_gondii,DegP2,G,A,G806E,1,"Rosenberg et al. PNAS, 116:52, 2019"
t_gondii,Ark1,G,T,C274F,1,"Rosenberg et al. PNAS, 116:52, 2019"
t_gondii,DegP2,G,C,E821Q,1,"Rosenberg et al. PNAS, 116:52, 2019"
t_gondii,Ark1,T,C,C274R,1,"Rosenberg et al. PNAS, 116:52, 2019"
