AA1,AA2,Obs (Rodent),Exp (Rodent),EI (Rodent),EI (Primate),EI (Drosophila),EI (Yeast),U (Universal EI)
Ser,Thr,1004.1,2567.8,0.364,0.768,0.456,0.258,2.49
Val,Ile,1686.8,4318.7,0.363,0.758,0.358,0.235,2.415
Ser,Ala,722.1,1847.7,0.364,0.639,0.438,0.224,2.38
Asn,Ser,1143.7,3645.1,0.292,0.507,0.35,0.225,2.053
Asp,Glu,1088.8,3589.3,0.282,0.567,0.34,0.232,2.033
Ile,Leu,449.7,1548.2,0.27,0.68,0.295,0.153,1.726
Asn,Thr,292,1112,0.244,0.58,0.286,0.181,1.695
Tyr,Phe,311.8,1108.4,0.262,0.681,0.455,0.141,1.649
Glu,Gln,399.8,1706,0.218,0.705,0.328,0.2,1.634
Leu,Met,458.4,1620.1,0.263,0.52,0.315,0.123,1.601
Thr,Ala,1663.7,6668.4,0.232,0.461,0.24,0.164,1.587
Arg,Lys,982.9,4011.8,0.228,0.359,0.269,0.169,1.583
Lys,Gln,377.4,1543.9,0.227,0.634,0.299,0.133,1.466
Asn,His,211.9,972.9,0.203,0.68,0.259,0.142,1.382
Gly,Ala,480.9,2218.9,0.202,0.457,0.295,0.143,1.379
Gln,Pro,264.1,1037,0.237,0.477,0.217,0.09,1.377
Ser,Gly,764.1,3590.2,0.198,0.292,0.126,0.142,1.36
Gln,His,488.2,2126.6,0.214,0.552,0.274,0.117,1.351
Val,Leu,736.4,3240.1,0.211,0.526,0.228,0.112,1.329
Arg,His,484,2139.6,0.21,0.564,0.101,0.11,1.317
Ala,Pro,443.4,2046.4,0.202,0.404,0.247,0.114,1.288
Lys,Asn,439.4,2907.1,0.141,0.361,0.198,0.136,1.075
Arg,Gln,613.9,3307.6,0.173,0.49,0.104,0.079,1.045
Ser,Pro,965.2,5629.3,0.16,0.236,0.19,0.096,1.039
Ala,Val,1190.2,7314.9,0.151,0.319,0.193,0.101,1.017
Asp,Asn,609.7,4644.3,0.122,0.29,0.179,0.144,1.015
Thr,Met,270.2,1566.5,0.16,0.376,0.171,0.085,1.007
Thr,Pro,330.6,1769.3,0.174,0.407,0.25,0.064,1.001
Lys,Thr,182.7,1183.6,0.144,0.483,0.197,0.104,0.989
Val,Met,499,2957.5,0.157,0.416,0.138,0.083,0.986
Glu,Ala,208.4,1371.6,0.141,0.444,0.224,0.081,0.906
Ser,Cys,199,1712,0.108,0.327,0.178,0.112,0.852
Arg,Ser,353.8,2325.4,0.142,0.344,0.145,0.063,0.85
Arg,Thr,90.4,643.4,0.131,0.532,0.18,0.071,0.827
Ile,Met,375.6,2955.6,0.118,0.308,0.168,0.089,0.827
Gln,Leu,195.3,1484.8,0.122,0.188,0.189,0.077,0.805
Leu,Trp,69.8,420.6,0.154,0.326,0.24,0.026,0.793
Pro,His,129.4,953.5,0.126,0.153,0.09,0.064,0.784
Thr,Ile,624.3,5063.1,0.115,0.217,0.152,0.07,0.75
Leu,Phe,741.7,5778.5,0.119,0.321,0.151,0.058,0.732
Ser,Leu,222.9,1687,0.123,0.331,0.211,0.05,0.725
Lys,Ile,49.6,397.7,0.116,0.39,0.041,0.049,0.688
His,Tyr,326.8,2885.3,0.105,0.248,0.152,0.057,0.665
Asp,Ala,176.3,1542.2,0.106,0.279,0.122,0.053,0.657
Asp,His,104.7,1151.9,0.085,0.349,0.043,0.054,0.56
Leu,His,85.6,902.8,0.088,0.24,0.15,0.049,0.56
Lys,Met,86.2,925,0.087,0.281,0.184,0.051,0.559
Arg,Pro,154.7,1466,0.098,0.403,0.06,0.034,0.559
Glu,Gly,413.4,5251.6,0.073,0.133,0.098,0.069,0.553
Val,Phe,99.2,1061.6,0.087,0.326,0.131,0.047,0.548
Glu,Lys,486.3,6399.5,0.071,0.19,0.118,0.071,0.548
Asp,Gly,375.2,4589.4,0.076,0.14,0.07,0.063,0.548
Ile,Phe,123.9,1284.4,0.09,0.299,0.162,0.042,0.545
Ser,Ile,98.9,1123.8,0.082,0.221,0.093,0.052,0.54
Gly,Val,206.4,2132,0.09,0.176,0.073,0.039,0.539
Arg,Gly,419.2,4502.4,0.087,0.249,0.096,0.043,0.534
Glu,Val,142.8,1632.1,0.081,0.231,0.151,0.042,0.506
Ser,Tyr,88.1,975.1,0.084,0.218,0.106,0.037,0.503
Arg,Ile,21.9,244.3,0.084,0.304,0.361,0.033,0.49
Arg,Met,45.9,538.2,0.079,0.136,0.055,0.033,0.47
Arg,Leu,134.6,1863.2,0.067,0.257,0.06,0.033,0.414
Gly,Cys,60.7,941.1,0.06,0.062,0.067,0.044,0.414
Pro,Leu,523.9,7655.2,0.064,0.141,0.065,0.03,0.388
Arg,Cys,120,2086.2,0.053,0.1,0.037,0.043,0.382
Asn,Tyr,62.6,1062.7,0.055,0.15,0.119,0.04,0.378
Ser,Trp,23.2,292.2,0.074,0.169,0.024,0.011,0.375
Ser,Phe,243.6,3893.4,0.058,0.118,0.122,0.031,0.365
Asp,Val,74.9,1194.9,0.058,0.124,0.052,0.029,0.361
Cys,Phe,50.4,1003,0.047,0.116,0.12,0.034,0.321
Asn,Ile,53.9,1238.6,0.04,0.151,0.138,0.043,0.321
Cys,Trp,43.8,809.3,0.05,0.167,0.091,0.012,0.271
Cys,Tyr,117.9,2831.9,0.039,0.103,0.044,0.028,0.268
Arg,Trp,96.2,1760.1,0.051,0.168,0.056,0.009,0.263
Gly,Trp,22.1,483,0.043,0.213,0,0.015,0.242
Asp,Tyr,49.7,1241.7,0.037,0.114,0.023,0.022,0.241
All aa changes,,27948.3,175696.4,0.148,0.331,0.184,0.101,1